# Blender 5.1.2
# www.blender.org
mtllib croqueta.mtl
o hueso_3d
v -0.236791 0.197208 -0.609072
v -0.259039 0.194440 -0.586612
v -0.279771 0.183593 -0.565173
v -0.297577 0.165402 -0.546213
v -0.311237 0.141110 -0.531033
v -0.319825 0.112372 -0.520659
v -0.322756 0.081146 -0.515801
v -0.319825 0.049560 -0.516793
v -0.311237 0.019767 -0.523564
v -0.297577 -0.006203 -0.535651
v -0.279771 -0.026582 -0.552236
v -0.259039 -0.039977 -0.572183
v -0.236791 -0.045478 -0.594134
v -0.214543 -0.042710 -0.616595
v -0.193811 -0.031863 -0.638034
v -0.176005 -0.013672 -0.656993
v -0.162345 0.010620 -0.672174
v -0.153757 0.039358 -0.682547
v -0.150826 0.070584 -0.687406
v -0.153757 0.102170 -0.686414
v -0.162345 0.131963 -0.679643
v -0.176005 0.157933 -0.667556
v -0.193811 0.178312 -0.650971
v -0.214543 0.191707 -0.631024
v -0.188162 0.200195 -0.560535
v -0.210410 0.197428 -0.538075
v -0.231142 0.186580 -0.516636
v -0.248948 0.168389 -0.497676
v -0.262608 0.144098 -0.482495
v -0.271196 0.115360 -0.472122
v -0.274127 0.084134 -0.467264
v -0.271196 0.052548 -0.468256
v -0.262608 0.022755 -0.475027
v -0.248948 -0.003215 -0.487113
v -0.231142 -0.023594 -0.503699
v -0.210410 -0.036989 -0.523646
v -0.188162 -0.042490 -0.545597
v -0.165914 -0.039723 -0.568057
v -0.145182 -0.028875 -0.589497
v -0.127376 -0.010684 -0.608456
v -0.113716 0.013607 -0.623637
v -0.105128 0.042345 -0.634010
v -0.102197 0.073571 -0.638869
v -0.105128 0.105157 -0.637876
v -0.113716 0.134950 -0.631106
v -0.127376 0.160921 -0.619019
v -0.145182 0.181299 -0.602434
v -0.165914 0.194694 -0.582486
v 0.006354 0.168809 -0.363719
v -0.007948 0.167031 -0.349280
v -0.021278 0.160054 -0.335496
v -0.032723 0.148363 -0.323310
v -0.041507 0.132746 -0.313548
v -0.047025 0.114273 -0.306882
v -0.048909 0.094198 -0.303759
v -0.047025 0.073892 -0.304397
v -0.041507 0.054740 -0.308747
v -0.032723 0.038045 -0.316519
v -0.021278 0.024947 -0.327180
v -0.007948 0.016332 -0.340005
v 0.006354 0.012797 -0.354116
v 0.020656 0.014575 -0.368555
v 0.033986 0.021552 -0.382339
v 0.045431 0.033243 -0.394525
v 0.054214 0.048859 -0.404287
v 0.059733 0.067333 -0.410953
v 0.061617 0.087408 -0.414077
v 0.059733 0.107714 -0.413438
v 0.054214 0.126866 -0.409088
v 0.045431 0.143561 -0.401316
v 0.033986 0.156659 -0.390655
v 0.020656 0.165274 -0.377831
v 0.371071 0.191216 0.000310
v 0.356769 0.189438 0.014748
v 0.343440 0.182460 0.028533
v 0.331995 0.170769 0.040719
v 0.323211 0.155153 0.050480
v 0.317692 0.136680 0.057147
v 0.315808 0.116605 0.060270
v 0.317692 0.096298 0.059632
v 0.323211 0.077147 0.055282
v 0.331995 0.060451 0.047509
v 0.343440 0.047354 0.036849
v 0.356769 0.038739 0.024024
v 0.371071 0.035203 0.009913
v 0.385374 0.036981 -0.004526
v 0.398703 0.043959 -0.018310
v 0.410148 0.055650 -0.030497
v 0.418932 0.071266 -0.040258
v 0.424451 0.089740 -0.046924
v 0.426335 0.109814 -0.050048
v 0.424451 0.130121 -0.049410
v 0.418932 0.149272 -0.045060
v 0.410148 0.165968 -0.037287
v 0.398703 0.179065 -0.026626
v 0.385374 0.187680 -0.013802
v 0.735789 0.213622 0.364338
v 0.721487 0.211845 0.378777
v 0.708157 0.204867 0.392561
v 0.696712 0.193176 0.404748
v 0.687929 0.177560 0.414509
v 0.682410 0.159086 0.421175
v 0.680526 0.139011 0.424299
v 0.682410 0.118705 0.423661
v 0.687929 0.099554 0.419311
v 0.696712 0.082858 0.411538
v 0.708157 0.069761 0.400877
v 0.721487 0.061145 0.388053
v 0.735789 0.057610 0.373941
v 0.750091 0.059388 0.359503
v 0.763421 0.066365 0.345718
v 0.774866 0.078057 0.333532
v 0.783650 0.093673 0.323770
v 0.789168 0.112146 0.317104
v 0.791052 0.132221 0.313981
v 0.789168 0.152527 0.314619
v 0.783650 0.171679 0.318969
v 0.774866 0.188375 0.326742
v 0.763421 0.201472 0.337402
v 0.750091 0.210087 0.350227
v 0.930305 0.268909 0.555820
v 0.908057 0.266142 0.578280
v 0.887325 0.255294 0.599719
v 0.869519 0.237103 0.618679
v 0.855859 0.212812 0.633859
v 0.847271 0.184074 0.644232
v 0.844340 0.152848 0.649091
v 0.847271 0.121262 0.648099
v 0.855859 0.091469 0.641328
v 0.869519 0.065499 0.629241
v 0.887325 0.045120 0.612656
v 0.908057 0.031725 0.592709
v 0.930305 0.026224 0.570757
v 0.952553 0.028991 0.548297
v 0.973285 0.039839 0.526858
v 0.991091 0.058030 0.507898
v 1.004751 0.082321 0.492718
v 1.013339 0.111059 0.482344
v 1.016270 0.142285 0.477486
v 1.013339 0.173871 0.478478
v 1.004751 0.203664 0.485249
v 0.991091 0.229634 0.497336
v 0.973285 0.250013 0.513921
v 0.952553 0.263408 0.533868
v 0.978934 0.271897 0.604357
v 0.956686 0.269129 0.626817
v 0.935954 0.258282 0.648256
v 0.918148 0.240091 0.667216
v 0.904488 0.215799 0.682396
v 0.895900 0.187061 0.692770
v 0.892969 0.155835 0.697628
v 0.895900 0.124249 0.696636
v 0.904488 0.094456 0.689865
v 0.918148 0.068486 0.677778
v 0.935954 0.048107 0.661193
v 0.956686 0.034712 0.641246
v 0.978934 0.029211 0.619294
v 1.001182 0.031979 0.596834
v 1.021914 0.042826 0.575395
v 1.039720 0.061017 0.556435
v 1.053380 0.085309 0.541255
v 1.061968 0.114047 0.530881
v 1.064899 0.145273 0.526023
v 1.061968 0.176859 0.527015
v 1.053380 0.206652 0.533786
v 1.039720 0.232622 0.545873
v 1.021914 0.253001 0.562458
v 1.001182 0.266396 0.582405
v -0.236791 0.075865 -0.601603
v 0.978934 0.150554 0.611826
v -0.129334 0.080467 -0.526843
v -0.093757 0.080251 -0.530340
v -0.094972 0.089443 -0.530906
v -0.098524 0.098006 -0.531433
v -0.104177 0.105361 -0.531886
v -0.111545 0.111003 -0.532233
v -0.120129 0.114552 -0.532452
v -0.129334 0.115762 -0.532526
v -0.138543 0.114552 -0.532452
v -0.147123 0.111003 -0.532233
v -0.154491 0.105361 -0.531886
v -0.160144 0.098006 -0.531433
v -0.163700 0.089443 -0.530906
v -0.164911 0.080251 -0.530340
v -0.163700 0.071060 -0.529775
v -0.160144 0.062496 -0.529248
v -0.154491 0.055142 -0.528795
v -0.147123 0.049500 -0.528448
v -0.138543 0.045950 -0.528229
v -0.129334 0.044741 -0.528155
v -0.120129 0.045950 -0.528229
v -0.111545 0.049500 -0.528448
v -0.104177 0.055142 -0.528795
v -0.098524 0.062496 -0.529248
v -0.094972 0.071060 -0.529775
v -0.059551 0.079614 -0.540698
v -0.061926 0.097642 -0.541808
v -0.068899 0.114439 -0.542841
v -0.079989 0.128866 -0.543729
v -0.094443 0.139934 -0.544411
v -0.111272 0.146894 -0.544839
v -0.129334 0.149269 -0.544985
v -0.147396 0.146894 -0.544839
v -0.164230 0.139934 -0.544411
v -0.178679 0.128866 -0.543729
v -0.189773 0.114439 -0.542841
v -0.196742 0.097642 -0.541808
v -0.199121 0.079614 -0.540698
v -0.196742 0.061586 -0.539588
v -0.189773 0.044788 -0.538554
v -0.178679 0.030362 -0.537666
v -0.164230 0.019293 -0.536985
v -0.147396 0.012334 -0.536557
v -0.129334 0.009959 -0.536410
v -0.111272 0.012334 -0.536557
v -0.094443 0.019293 -0.536985
v -0.079989 0.030362 -0.537666
v -0.068899 0.044788 -0.538554
v -0.061926 0.061586 -0.539588
v -0.028021 0.078579 -0.557517
v -0.031473 0.104750 -0.559128
v -0.041593 0.129140 -0.560629
v -0.057697 0.150084 -0.561918
v -0.078677 0.166154 -0.562907
v -0.103113 0.176255 -0.563529
v -0.129334 0.179701 -0.563741
v -0.155559 0.176255 -0.563529
v -0.179991 0.166154 -0.562907
v -0.200975 0.150084 -0.561918
v -0.217075 0.129140 -0.560629
v -0.227196 0.104750 -0.559128
v -0.230647 0.078579 -0.557517
v -0.227196 0.052408 -0.555906
v -0.217075 0.028018 -0.554405
v -0.200975 0.007073 -0.553116
v -0.179991 -0.008996 -0.552126
v -0.155559 -0.019098 -0.551505
v -0.129334 -0.022543 -0.551293
v -0.103113 -0.019098 -0.551505
v -0.078677 -0.008996 -0.552126
v -0.057697 0.007073 -0.553116
v -0.041593 0.028018 -0.554405
v -0.031473 0.052408 -0.555906
v -0.000389 0.077185 -0.580152
v -0.004783 0.110498 -0.582202
v -0.017665 0.141536 -0.584113
v -0.038155 0.168193 -0.585753
v -0.064862 0.188648 -0.587012
v -0.095962 0.201506 -0.587804
v -0.129334 0.205887 -0.588073
v -0.162710 0.201506 -0.587804
v -0.193811 0.188648 -0.587012
v -0.220513 0.168193 -0.585753
v -0.241007 0.141536 -0.584113
v -0.253889 0.110498 -0.582202
v -0.258283 0.077185 -0.580152
v -0.253889 0.043872 -0.578101
v -0.241007 0.012835 -0.576191
v -0.220513 -0.013822 -0.574550
v -0.193811 -0.034277 -0.573291
v -0.162710 -0.047135 -0.572500
v -0.129334 -0.051516 -0.572230
v -0.095962 -0.047135 -0.572500
v -0.064862 -0.034277 -0.573291
v -0.038155 -0.013822 -0.574550
v -0.017665 0.012835 -0.576191
v -0.004783 0.043872 -0.578101
v 0.022289 0.075488 -0.607736
v 0.017126 0.114655 -0.610146
v 0.001977 0.151158 -0.612393
v -0.022120 0.182499 -0.614322
v -0.053521 0.206551 -0.615803
v -0.090092 0.221671 -0.616733
v -0.129334 0.226828 -0.617051
v -0.168580 0.221671 -0.616733
v -0.205148 0.206551 -0.615803
v -0.236552 0.182499 -0.614322
v -0.260645 0.151158 -0.612393
v -0.275794 0.114655 -0.610146
v -0.280961 0.075488 -0.607736
v -0.275794 0.036320 -0.605325
v -0.260645 -0.000183 -0.603078
v -0.236552 -0.031524 -0.601149
v -0.205148 -0.055576 -0.599668
v -0.168580 -0.070696 -0.598738
v -0.129334 -0.075853 -0.598420
v -0.090092 -0.070696 -0.598738
v -0.053521 -0.055576 -0.599668
v -0.022120 -0.031524 -0.601149
v 0.001977 -0.000183 -0.603078
v 0.017126 0.036320 -0.605325
v 0.039144 0.073551 -0.639202
v 0.033399 0.117074 -0.641881
v 0.016570 0.157628 -0.644377
v -0.010202 0.192458 -0.646521
v -0.045097 0.219180 -0.648166
v -0.085729 0.235981 -0.649200
v -0.129334 0.241710 -0.649553
v -0.172940 0.235981 -0.649200
v -0.213575 0.219180 -0.648166
v -0.248466 0.192458 -0.646521
v -0.275243 0.157628 -0.644377
v -0.292072 0.117074 -0.641881
v -0.297812 0.073551 -0.639202
v -0.292072 0.030028 -0.636523
v -0.275243 -0.010527 -0.634027
v -0.248466 -0.045357 -0.631883
v -0.213575 -0.072078 -0.630239
v -0.172940 -0.088880 -0.629204
v -0.129334 -0.094609 -0.628852
v -0.085729 -0.088880 -0.629204
v -0.045097 -0.072078 -0.630239
v -0.010202 -0.045357 -0.631883
v 0.016570 -0.010527 -0.634027
v 0.033399 0.030028 -0.636523
v 0.049521 0.071449 -0.673347
v 0.043425 0.117655 -0.676191
v 0.025558 0.160705 -0.678841
v -0.002864 0.197680 -0.681117
v -0.039909 0.226049 -0.682863
v -0.083045 0.243882 -0.683961
v -0.129334 0.249966 -0.684335
v -0.175627 0.243882 -0.683961
v -0.218764 0.226049 -0.682863
v -0.255804 0.197680 -0.681117
v -0.284226 0.160705 -0.678841
v -0.302097 0.117655 -0.676191
v -0.308189 0.071449 -0.673347
v -0.302097 0.025243 -0.670503
v -0.284226 -0.017807 -0.667853
v -0.255804 -0.054782 -0.665577
v -0.218764 -0.083150 -0.663831
v -0.175627 -0.100984 -0.662734
v -0.129334 -0.107068 -0.662359
v -0.083045 -0.100984 -0.662734
v -0.039909 -0.083150 -0.663831
v -0.002864 -0.054782 -0.665577
v 0.025558 -0.017807 -0.667853
v 0.043425 0.025243 -0.670503
v 0.053025 0.069263 -0.708857
v 0.046812 0.116370 -0.711757
v 0.028593 0.160270 -0.714459
v -0.000389 0.197965 -0.716779
v -0.038155 0.226892 -0.718560
v -0.082138 0.245076 -0.719679
v -0.129334 0.251278 -0.720061
v -0.176535 0.245076 -0.719679
v -0.220513 0.226892 -0.718560
v -0.258283 0.197965 -0.716779
v -0.287261 0.160270 -0.714459
v -0.305480 0.116370 -0.711757
v -0.311693 0.069263 -0.708857
v -0.305480 0.022156 -0.705958
v -0.287261 -0.021744 -0.703256
v -0.258283 -0.059438 -0.700936
v -0.220513 -0.088365 -0.699155
v -0.176535 -0.106550 -0.698036
v -0.129334 -0.112751 -0.697654
v -0.082138 -0.106550 -0.698036
v -0.038155 -0.088365 -0.699155
v -0.000389 -0.059438 -0.700936
v 0.028593 -0.021744 -0.703256
v 0.046812 0.022156 -0.705958
v 0.049521 0.067078 -0.744368
v 0.043425 0.113283 -0.747212
v 0.025558 0.156334 -0.749862
v -0.002864 0.193309 -0.752137
v -0.039909 0.221677 -0.753884
v -0.083045 0.239510 -0.754981
v -0.129334 0.245595 -0.755356
v -0.175627 0.239510 -0.754981
v -0.218764 0.221677 -0.753884
v -0.255804 0.193309 -0.752137
v -0.284226 0.156334 -0.749862
v -0.302097 0.113283 -0.747212
v -0.308189 0.067078 -0.744368
v -0.302097 0.020872 -0.741524
v -0.284226 -0.022179 -0.738874
v -0.255804 -0.059154 -0.736598
v -0.218764 -0.087522 -0.734852
v -0.175627 -0.105355 -0.733754
v -0.129334 -0.111439 -0.733379
v -0.083045 -0.105355 -0.733754
v -0.039909 -0.087522 -0.734852
v -0.002864 -0.059154 -0.736598
v 0.025558 -0.022179 -0.738874
v 0.043425 0.020872 -0.741524
v 0.039144 0.064976 -0.778508
v 0.033399 0.108499 -0.781187
v 0.016570 0.149054 -0.783683
v -0.010202 0.183884 -0.785827
v -0.045097 0.210605 -0.787472
v -0.085729 0.227407 -0.788506
v -0.129334 0.233136 -0.788859
v -0.172940 0.227407 -0.788506
v -0.213575 0.210605 -0.787472
v -0.248466 0.183884 -0.785827
v -0.275243 0.149054 -0.783683
v -0.292072 0.108499 -0.781187
v -0.297812 0.064976 -0.778508
v -0.292072 0.021453 -0.775829
v -0.275243 -0.019101 -0.773333
v -0.248466 -0.053931 -0.771189
v -0.213575 -0.080653 -0.769545
v -0.172940 -0.097454 -0.768510
v -0.129334 -0.103183 -0.768158
v -0.085729 -0.097454 -0.768510
v -0.045097 -0.080653 -0.769545
v -0.010202 -0.053931 -0.771189
v 0.016570 -0.019101 -0.773333
v 0.033399 0.021453 -0.775829
v 0.022289 0.063039 -0.809979
v 0.017126 0.102207 -0.812390
v 0.001977 0.138709 -0.814637
v -0.022120 0.170050 -0.816566
v -0.053521 0.194102 -0.818047
v -0.090092 0.209223 -0.818977
v -0.129334 0.214380 -0.819295
v -0.168580 0.209223 -0.818977
v -0.205148 0.194102 -0.818047
v -0.236552 0.170050 -0.816566
v -0.260645 0.138709 -0.814637
v -0.275794 0.102207 -0.812390
v -0.280961 0.063039 -0.809979
v -0.275794 0.023871 -0.807569
v -0.260645 -0.012631 -0.805322
v -0.236552 -0.043972 -0.803393
v -0.205148 -0.068024 -0.801912
v -0.168580 -0.083144 -0.800982
v -0.129334 -0.088302 -0.800664
v -0.090092 -0.083144 -0.800982
v -0.053521 -0.068024 -0.801912
v -0.022120 -0.043972 -0.803393
v 0.001977 -0.012631 -0.805322
v 0.017126 0.023871 -0.807569
v -0.000389 0.061341 -0.837559
v -0.004783 0.094654 -0.839609
v -0.017665 0.125692 -0.841520
v -0.038155 0.152349 -0.843161
v -0.064862 0.172804 -0.844420
v -0.095962 0.185662 -0.845211
v -0.129334 0.190043 -0.845481
v -0.162710 0.185662 -0.845211
v -0.193811 0.172804 -0.844420
v -0.220513 0.152349 -0.843161
v -0.241007 0.125692 -0.841520
v -0.253889 0.094654 -0.839609
v -0.258283 0.061341 -0.837559
v -0.253889 0.028029 -0.835508
v -0.241007 -0.003009 -0.833598
v -0.220513 -0.029666 -0.831957
v -0.193811 -0.050121 -0.830698
v -0.162710 -0.062979 -0.829907
v -0.129334 -0.067360 -0.829637
v -0.095962 -0.062979 -0.829907
v -0.064862 -0.050121 -0.830698
v -0.038155 -0.029666 -0.831957
v -0.017665 -0.003009 -0.833598
v -0.004783 0.028029 -0.835508
v -0.028021 0.059948 -0.860194
v -0.031473 0.086119 -0.861805
v -0.041593 0.110509 -0.863306
v -0.057697 0.131454 -0.864595
v -0.078677 0.147523 -0.865584
v -0.103113 0.157625 -0.866206
v -0.129334 0.161070 -0.866418
v -0.155559 0.157625 -0.866206
v -0.179991 0.147523 -0.865584
v -0.200975 0.131454 -0.864595
v -0.217075 0.110509 -0.863306
v -0.227196 0.086119 -0.861805
v -0.230647 0.059948 -0.860194
v -0.227196 0.033777 -0.858583
v -0.217075 0.009387 -0.857082
v -0.200975 -0.011557 -0.855792
v -0.179991 -0.027627 -0.854803
v -0.155559 -0.037728 -0.854182
v -0.129334 -0.041174 -0.853969
v -0.103113 -0.037728 -0.854182
v -0.078677 -0.027627 -0.854803
v -0.057697 -0.011557 -0.855792
v -0.041593 0.009387 -0.857082
v -0.031473 0.033777 -0.858583
v -0.059551 0.058913 -0.877017
v -0.061926 0.076941 -0.878127
v -0.068899 0.093738 -0.879161
v -0.079989 0.108165 -0.880049
v -0.094443 0.119233 -0.880730
v -0.111272 0.126193 -0.881158
v -0.129334 0.128568 -0.881305
v -0.147396 0.126193 -0.881158
v -0.164230 0.119233 -0.880730
v -0.178679 0.108165 -0.880049
v -0.189773 0.093738 -0.879161
v -0.196742 0.076941 -0.878127
v -0.199121 0.058913 -0.877017
v -0.196742 0.040885 -0.875907
v -0.189773 0.024087 -0.874874
v -0.178679 0.009661 -0.873986
v -0.164230 -0.001408 -0.873304
v -0.147396 -0.008368 -0.872876
v -0.129334 -0.010742 -0.872730
v -0.111272 -0.008368 -0.872876
v -0.094443 -0.001408 -0.873304
v -0.079989 0.009661 -0.873986
v -0.068899 0.024087 -0.874874
v -0.061926 0.040885 -0.875907
v -0.093757 0.058275 -0.887375
v -0.094972 0.067467 -0.887940
v -0.098524 0.076030 -0.888467
v -0.104177 0.083385 -0.888920
v -0.111545 0.089027 -0.889267
v -0.120129 0.092576 -0.889486
v -0.129334 0.093785 -0.889560
v -0.138543 0.092576 -0.889486
v -0.147123 0.089027 -0.889267
v -0.154491 0.083385 -0.888920
v -0.160144 0.076030 -0.888467
v -0.163700 0.067467 -0.887940
v -0.164911 0.058275 -0.887375
v -0.163700 0.049083 -0.886809
v -0.160144 0.040520 -0.886282
v -0.154491 0.033166 -0.885829
v -0.147123 0.027523 -0.885482
v -0.138543 0.023974 -0.885263
v -0.129334 0.022765 -0.885189
v -0.120129 0.023974 -0.885263
v -0.111545 0.027523 -0.885482
v -0.104177 0.033166 -0.885829
v -0.098524 0.040520 -0.886282
v -0.094972 0.049083 -0.886809
v -0.129334 0.058060 -0.890872
v -0.344248 0.091003 -0.355672
v -0.317142 0.090839 -0.358337
v -0.318067 0.097842 -0.358768
v -0.320772 0.104364 -0.359169
v -0.325079 0.109967 -0.359514
v -0.330693 0.114271 -0.359779
v -0.337232 0.116971 -0.359945
v -0.344248 0.117894 -0.360002
v -0.351265 0.116971 -0.359945
v -0.357799 0.114271 -0.359779
v -0.363413 0.109967 -0.359514
v -0.367720 0.104364 -0.359169
v -0.370430 0.097842 -0.358768
v -0.371355 0.090839 -0.358337
v -0.370430 0.083835 -0.357906
v -0.367720 0.077313 -0.357504
v -0.363413 0.071710 -0.357159
v -0.357799 0.067406 -0.356895
v -0.351265 0.064707 -0.356728
v -0.344248 0.063783 -0.356672
v -0.337232 0.064707 -0.356728
v -0.330693 0.067406 -0.356895
v -0.325079 0.071710 -0.357159
v -0.320772 0.077313 -0.357504
v -0.318067 0.083835 -0.357906
v -0.291078 0.090353 -0.366228
v -0.292888 0.104086 -0.367074
v -0.298203 0.116888 -0.367862
v -0.306652 0.127878 -0.368538
v -0.317663 0.136311 -0.369057
v -0.330484 0.141616 -0.369384
v -0.344248 0.143423 -0.369495
v -0.358008 0.141616 -0.369384
v -0.370834 0.136311 -0.369057
v -0.381844 0.127878 -0.368538
v -0.390294 0.116888 -0.367862
v -0.395604 0.104086 -0.367074
v -0.397419 0.090353 -0.366228
v -0.395604 0.076619 -0.365383
v -0.390294 0.063818 -0.364595
v -0.381844 0.052828 -0.363919
v -0.370834 0.044394 -0.363400
v -0.358008 0.039090 -0.363073
v -0.344248 0.037283 -0.362962
v -0.330484 0.039090 -0.363073
v -0.317663 0.044394 -0.363400
v -0.306652 0.052828 -0.363919
v -0.298203 0.063818 -0.364595
v -0.292888 0.076619 -0.365383
v -0.267054 0.089564 -0.379043
v -0.269685 0.109503 -0.380270
v -0.277396 0.128086 -0.381414
v -0.289667 0.144043 -0.382396
v -0.305653 0.156285 -0.383150
v -0.324267 0.163982 -0.383624
v -0.344248 0.166608 -0.383785
v -0.364225 0.163982 -0.383624
v -0.382843 0.156285 -0.383150
v -0.398830 0.144043 -0.382396
v -0.411096 0.128086 -0.381414
v -0.418807 0.109503 -0.380270
v -0.421438 0.089564 -0.379043
v -0.418807 0.069625 -0.377816
v -0.411096 0.051042 -0.376672
v -0.398830 0.035085 -0.375690
v -0.382843 0.022843 -0.374936
v -0.364225 0.015146 -0.374463
v -0.344248 0.012520 -0.374301
v -0.324267 0.015146 -0.374463
v -0.305653 0.022843 -0.374936
v -0.289667 0.035085 -0.375690
v -0.277396 0.051042 -0.376672
v -0.269685 0.069625 -0.377816
v -0.246000 0.088502 -0.396291
v -0.249348 0.113880 -0.397853
v -0.259165 0.137534 -0.399309
v -0.274778 0.157841 -0.400559
v -0.295124 0.173425 -0.401518
v -0.318818 0.183219 -0.402121
v -0.344248 0.186560 -0.402327
v -0.369674 0.183219 -0.402121
v -0.393368 0.173425 -0.401518
v -0.413718 0.157841 -0.400559
v -0.429332 0.137534 -0.399309
v -0.439144 0.113880 -0.397853
v -0.442492 0.088502 -0.396291
v -0.439144 0.063124 -0.394729
v -0.429332 0.039471 -0.393273
v -0.413718 0.019164 -0.392023
v -0.393368 0.003580 -0.391064
v -0.369674 -0.006214 -0.390461
v -0.344248 -0.009556 -0.390256
v -0.318818 -0.006214 -0.390461
v -0.295124 0.003580 -0.391064
v -0.274778 0.019164 -0.392023
v -0.259165 0.039471 -0.393273
v -0.249348 0.063124 -0.394729
v -0.228724 0.087209 -0.417305
v -0.232658 0.117051 -0.419142
v -0.244198 0.144864 -0.420854
v -0.262560 0.168743 -0.422324
v -0.286484 0.187065 -0.423452
v -0.314346 0.198584 -0.424161
v -0.344248 0.202515 -0.424402
v -0.374146 0.198584 -0.424161
v -0.402008 0.187065 -0.423452
v -0.425936 0.168743 -0.422324
v -0.444294 0.144864 -0.420854
v -0.455834 0.117051 -0.419142
v -0.459773 0.087209 -0.417305
v -0.455834 0.057367 -0.415468
v -0.444294 0.029554 -0.413756
v -0.425936 0.005675 -0.412287
v -0.402008 -0.012648 -0.411159
v -0.374146 -0.024166 -0.410450
v -0.344248 -0.028097 -0.410208
v -0.314346 -0.024166 -0.410450
v -0.286484 -0.012648 -0.411159
v -0.262560 0.005675 -0.412287
v -0.244198 0.029554 -0.413756
v -0.232658 0.057367 -0.415468
v -0.215885 0.085733 -0.441279
v -0.220257 0.118895 -0.443320
v -0.233079 0.149794 -0.445222
v -0.253481 0.176329 -0.446855
v -0.280067 0.196688 -0.448109
v -0.311024 0.209490 -0.448897
v -0.344248 0.213854 -0.449165
v -0.377472 0.209490 -0.448897
v -0.408430 0.196688 -0.448109
v -0.435015 0.176329 -0.446855
v -0.455413 0.149794 -0.445222
v -0.468239 0.118895 -0.443320
v -0.472611 0.085733 -0.441279
v -0.468239 0.052572 -0.439238
v -0.455413 0.021673 -0.437336
v -0.435015 -0.004862 -0.435703
v -0.408430 -0.025222 -0.434450
v -0.377472 -0.038023 -0.433662
v -0.344248 -0.042387 -0.433393
v -0.311024 -0.038023 -0.433662
v -0.280067 -0.025222 -0.434450
v -0.253481 -0.004862 -0.435703
v -0.233079 0.021673 -0.437336
v -0.220257 0.052572 -0.439238
v -0.207978 0.084132 -0.467294
v -0.212620 0.119334 -0.469461
v -0.226232 0.152140 -0.471480
v -0.247889 0.180309 -0.473214
v -0.276111 0.201921 -0.474544
v -0.308979 0.215512 -0.475381
v -0.344248 0.220144 -0.475666
v -0.379517 0.215512 -0.475381
v -0.412381 0.201921 -0.474544
v -0.440603 0.180309 -0.473214
v -0.462260 0.152140 -0.471480
v -0.475872 0.119334 -0.469461
v -0.480518 0.084132 -0.467294
v -0.475872 0.048930 -0.465127
v -0.462260 0.016124 -0.463108
v -0.440603 -0.012045 -0.461374
v -0.412381 -0.033657 -0.460044
v -0.379517 -0.047248 -0.459207
v -0.344248 -0.051880 -0.458922
v -0.308979 -0.047248 -0.459207
v -0.276111 -0.033657 -0.460044
v -0.247889 -0.012045 -0.461374
v -0.226232 0.016124 -0.463108
v -0.212620 0.048930 -0.465127
v -0.205308 0.082467 -0.494349
v -0.210041 0.118358 -0.496558
v -0.223922 0.151806 -0.498617
v -0.246000 0.180525 -0.500385
v -0.274778 0.202566 -0.501742
v -0.308289 0.216421 -0.502594
v -0.344248 0.221144 -0.502885
v -0.380208 0.216421 -0.502594
v -0.413718 0.202566 -0.501742
v -0.442492 0.180525 -0.500385
v -0.464575 0.151806 -0.498617
v -0.478451 0.118358 -0.496558
v -0.483188 0.082467 -0.494349
v -0.478451 0.046575 -0.492140
v -0.464575 0.013128 -0.490081
v -0.442492 -0.015591 -0.488314
v -0.413718 -0.037632 -0.486957
v -0.380208 -0.051487 -0.486104
v -0.344248 -0.056211 -0.485813
v -0.308289 -0.051487 -0.486104
v -0.274778 -0.037632 -0.486957
v -0.246000 -0.015591 -0.488314
v -0.223922 0.013128 -0.490081
v -0.210041 0.046575 -0.492140
v -0.207978 0.080801 -0.521404
v -0.212620 0.116004 -0.523571
v -0.226232 0.148810 -0.525590
v -0.247889 0.176979 -0.527324
v -0.276111 0.198591 -0.528655
v -0.308979 0.212181 -0.529491
v -0.344248 0.216814 -0.529776
v -0.379517 0.212181 -0.529491
v -0.412381 0.198591 -0.528655
v -0.440603 0.176979 -0.527324
v -0.462260 0.148810 -0.525590
v -0.475872 0.116004 -0.523571
v -0.480518 0.080801 -0.521404
v -0.475872 0.045599 -0.519238
v -0.462260 0.012793 -0.517218
v -0.440603 -0.015376 -0.515484
v -0.412381 -0.036988 -0.514154
v -0.379517 -0.050578 -0.513318
v -0.344248 -0.055211 -0.513032
v -0.308979 -0.050578 -0.513318
v -0.276111 -0.036988 -0.514154
v -0.247889 -0.015376 -0.515484
v -0.226232 0.012793 -0.517218
v -0.212620 0.045599 -0.519238
v -0.215885 0.079200 -0.547419
v -0.220257 0.112361 -0.549461
v -0.233079 0.143261 -0.551362
v -0.253481 0.169796 -0.552996
v -0.280067 0.190155 -0.554249
v -0.311024 0.202957 -0.555037
v -0.344248 0.207321 -0.555306
v -0.377472 0.202957 -0.555037
v -0.408430 0.190155 -0.554249
v -0.435015 0.169796 -0.552996
v -0.455413 0.143261 -0.551362
v -0.468239 0.112361 -0.549461
v -0.472611 0.079200 -0.547419
v -0.468239 0.046039 -0.545378
v -0.455413 0.015140 -0.543476
v -0.435015 -0.011395 -0.541843
v -0.408430 -0.031755 -0.540590
v -0.377472 -0.044557 -0.539802
v -0.344248 -0.048921 -0.539533
v -0.311024 -0.044557 -0.539802
v -0.280067 -0.031755 -0.540590
v -0.253481 -0.011395 -0.541843
v -0.233079 0.015140 -0.543476
v -0.220257 0.046039 -0.545378
v -0.228724 0.077724 -0.571398
v -0.232658 0.107566 -0.573234
v -0.244198 0.135379 -0.574946
v -0.262560 0.159258 -0.576416
v -0.286484 0.177581 -0.577544
v -0.314346 0.189100 -0.578253
v -0.344248 0.193030 -0.578495
v -0.374146 0.189100 -0.578253
v -0.402008 0.177581 -0.577544
v -0.425936 0.159258 -0.576416
v -0.444294 0.135379 -0.574946
v -0.455834 0.107566 -0.573234
v -0.459773 0.077724 -0.571398
v -0.455834 0.047883 -0.569561
v -0.444294 0.020069 -0.567849
v -0.425936 -0.003810 -0.566379
v -0.402008 -0.022132 -0.565251
v -0.374146 -0.033651 -0.564542
v -0.344248 -0.037582 -0.564300
v -0.314346 -0.033651 -0.564542
v -0.286484 -0.022132 -0.565251
v -0.262560 -0.003810 -0.566379
v -0.244198 0.020069 -0.567849
v -0.232658 0.047883 -0.569561
v -0.246000 0.076431 -0.592412
v -0.249348 0.101809 -0.593974
v -0.259165 0.125462 -0.595430
v -0.274778 0.145770 -0.596680
v -0.295124 0.161353 -0.597639
v -0.318818 0.171148 -0.598242
v -0.344248 0.174489 -0.598447
v -0.369674 0.171148 -0.598242
v -0.393368 0.161353 -0.597639
v -0.413718 0.145770 -0.596680
v -0.429332 0.125462 -0.595430
v -0.439144 0.101809 -0.593974
v -0.442492 0.076431 -0.592412
v -0.439144 0.051053 -0.590850
v -0.429332 0.027400 -0.589394
v -0.413718 0.007092 -0.588144
v -0.393368 -0.008492 -0.587184
v -0.369674 -0.018286 -0.586582
v -0.344248 -0.021627 -0.586376
v -0.318818 -0.018286 -0.586582
v -0.295124 -0.008492 -0.587184
v -0.274778 0.007092 -0.588144
v -0.259165 0.027400 -0.589394
v -0.249348 0.051053 -0.590850
v -0.267054 0.075369 -0.609655
v -0.269685 0.095309 -0.610883
v -0.277396 0.113891 -0.612026
v -0.289667 0.129848 -0.613009
v -0.305653 0.142091 -0.613762
v -0.324267 0.149787 -0.614236
v -0.344248 0.152413 -0.614398
v -0.364225 0.149787 -0.614236
v -0.382843 0.142091 -0.613762
v -0.398830 0.129848 -0.613009
v -0.411096 0.113891 -0.612026
v -0.418807 0.095309 -0.610883
v -0.421438 0.075369 -0.609655
v -0.418807 0.055430 -0.608428
v -0.411096 0.036847 -0.607284
v -0.398830 0.020891 -0.606302
v -0.382843 0.008648 -0.605549
v -0.364225 0.000952 -0.605075
v -0.344248 -0.001675 -0.604913
v -0.324267 0.000952 -0.605075
v -0.305653 0.008648 -0.605549
v -0.289667 0.020891 -0.606302
v -0.277396 0.036847 -0.607284
v -0.269685 0.055430 -0.608428
v -0.291078 0.074581 -0.622470
v -0.292888 0.088314 -0.623315
v -0.298203 0.101116 -0.624103
v -0.306652 0.112106 -0.624780
v -0.317663 0.120539 -0.625299
v -0.330484 0.125844 -0.625625
v -0.344248 0.127651 -0.625737
v -0.358008 0.125844 -0.625625
v -0.370834 0.120539 -0.625299
v -0.381844 0.112106 -0.624780
v -0.390294 0.101116 -0.624103
v -0.395604 0.088314 -0.623315
v -0.397419 0.074581 -0.622470
v -0.395604 0.060847 -0.621625
v -0.390294 0.048046 -0.620837
v -0.381844 0.037055 -0.620160
v -0.370834 0.028622 -0.619641
v -0.358008 0.023318 -0.619315
v -0.344248 0.021510 -0.619203
v -0.330484 0.023318 -0.619315
v -0.317663 0.028622 -0.619641
v -0.306652 0.037055 -0.620160
v -0.298203 0.048046 -0.620837
v -0.292888 0.060847 -0.621625
v -0.317142 0.074095 -0.630362
v -0.318067 0.081098 -0.630793
v -0.320772 0.087620 -0.631194
v -0.325079 0.093224 -0.631539
v -0.330693 0.097527 -0.631804
v -0.337232 0.100227 -0.631970
v -0.344248 0.101150 -0.632027
v -0.351265 0.100227 -0.631970
v -0.357799 0.097527 -0.631804
v -0.363413 0.093224 -0.631539
v -0.367720 0.087620 -0.631194
v -0.370430 0.081098 -0.630793
v -0.371355 0.074095 -0.630362
v -0.370430 0.067092 -0.629931
v -0.367720 0.060569 -0.629529
v -0.363413 0.054966 -0.629184
v -0.357799 0.050663 -0.628919
v -0.351265 0.047963 -0.628753
v -0.344248 0.047040 -0.628696
v -0.337232 0.047963 -0.628753
v -0.330693 0.050663 -0.628919
v -0.325079 0.054966 -0.629184
v -0.320772 0.060569 -0.629529
v -0.318067 0.067092 -0.629931
v -0.344248 0.073931 -0.633027
v 1.086391 0.152488 0.643249
v 1.113497 0.152324 0.640584
v 1.112573 0.159327 0.640153
v 1.109863 0.165850 0.639751
v 1.105556 0.171453 0.639406
v 1.099942 0.175756 0.639141
v 1.093408 0.178456 0.638975
v 1.086391 0.179379 0.638919
v 1.079375 0.178456 0.638975
v 1.072836 0.175756 0.639141
v 1.067222 0.171453 0.639406
v 1.062915 0.165850 0.639751
v 1.060210 0.159327 0.640153
v 1.059285 0.152324 0.640584
v 1.060210 0.145321 0.641015
v 1.062915 0.138799 0.641416
v 1.067222 0.133195 0.641761
v 1.072836 0.128892 0.642026
v 1.079375 0.126192 0.642192
v 1.086391 0.125269 0.642249
v 1.093408 0.126192 0.642192
v 1.099942 0.128892 0.642026
v 1.105556 0.133195 0.641761
v 1.109863 0.138799 0.641416
v 1.112573 0.145321 0.641015
v 1.139562 0.151838 0.632692
v 1.137747 0.165572 0.631847
v 1.132437 0.178374 0.631059
v 1.123987 0.189364 0.630382
v 1.112977 0.197797 0.629863
v 1.100151 0.203102 0.629537
v 1.086391 0.204909 0.629426
v 1.072627 0.203102 0.629537
v 1.059806 0.197797 0.629863
v 1.048795 0.189364 0.630382
v 1.040346 0.178374 0.631059
v 1.035031 0.165572 0.631847
v 1.033221 0.151838 0.632692
v 1.035031 0.138105 0.633538
v 1.040346 0.125303 0.634326
v 1.048795 0.114313 0.635002
v 1.059806 0.105880 0.635521
v 1.072627 0.100575 0.635848
v 1.086391 0.098768 0.635959
v 1.100151 0.100575 0.635848
v 1.112977 0.105880 0.635521
v 1.123987 0.114313 0.635002
v 1.132437 0.125303 0.634326
v 1.137747 0.138105 0.633538
v 1.163581 0.151050 0.619878
v 1.160950 0.170989 0.618650
v 1.153239 0.189572 0.617506
v 1.140973 0.205528 0.616524
v 1.124986 0.217771 0.615771
v 1.106368 0.225468 0.615297
v 1.086391 0.228094 0.615135
v 1.066410 0.225468 0.615297
v 1.047796 0.217771 0.615771
v 1.031809 0.205528 0.616524
v 1.019539 0.189572 0.617506
v 1.011828 0.170989 0.618650
v 1.009197 0.151050 0.619878
v 1.011828 0.131110 0.621105
v 1.019539 0.112528 0.622249
v 1.031809 0.096571 0.623231
v 1.047796 0.084328 0.623984
v 1.066410 0.076632 0.624458
v 1.086391 0.074006 0.624620
v 1.106368 0.076632 0.624458
v 1.124986 0.084328 0.623984
v 1.140973 0.096571 0.623231
v 1.153239 0.112528 0.622249
v 1.160950 0.131110 0.621105
v 1.184635 0.149988 0.602634
v 1.181287 0.175366 0.601072
v 1.171475 0.199020 0.599616
v 1.155861 0.219327 0.598366
v 1.135511 0.234911 0.597407
v 1.111817 0.244705 0.596804
v 1.086391 0.248046 0.596598
v 1.060961 0.244705 0.596804
v 1.037267 0.234911 0.597407
v 1.016921 0.219327 0.598366
v 1.001308 0.199020 0.599616
v 0.991491 0.175366 0.601072
v 0.988143 0.149988 0.602634
v 0.991491 0.124610 0.604196
v 1.001308 0.100957 0.605652
v 1.016921 0.080650 0.606902
v 1.037267 0.065066 0.607861
v 1.060961 0.055272 0.608464
v 1.086391 0.051930 0.608670
v 1.111817 0.055272 0.608464
v 1.135511 0.065066 0.607861
v 1.155861 0.080650 0.606902
v 1.171475 0.100957 0.605652
v 1.181287 0.124610 0.604196
v 1.201916 0.148695 0.581620
v 1.197977 0.178537 0.579783
v 1.186437 0.206350 0.578071
v 1.168079 0.230229 0.576601
v 1.144151 0.248551 0.575473
v 1.116289 0.260070 0.574764
v 1.086391 0.264001 0.574522
v 1.056489 0.260070 0.574764
v 1.028627 0.248551 0.575473
v 1.004703 0.230229 0.576601
v 0.986341 0.206350 0.578071
v 0.974801 0.178537 0.579783
v 0.970867 0.148695 0.581620
v 0.974801 0.118853 0.583457
v 0.986341 0.091040 0.585169
v 1.004703 0.067161 0.586638
v 1.028627 0.048838 0.587766
v 1.056489 0.037319 0.588475
v 1.086391 0.033389 0.588717
v 1.116289 0.037319 0.588475
v 1.144151 0.048838 0.587766
v 1.168079 0.067161 0.586638
v 1.186437 0.091040 0.585169
v 1.197977 0.118853 0.583457
v 1.214754 0.147219 0.557642
v 1.210382 0.180380 0.555600
v 1.197556 0.211279 0.553699
v 1.177158 0.237814 0.552065
v 1.150573 0.258174 0.550812
v 1.119615 0.270976 0.550024
v 1.086391 0.275340 0.549756
v 1.053167 0.270976 0.550024
v 1.022210 0.258174 0.550812
v 0.995624 0.237814 0.552065
v 0.975222 0.211279 0.553699
v 0.962400 0.180380 0.555600
v 0.958028 0.147219 0.557642
v 0.962400 0.114058 0.559683
v 0.975222 0.083159 0.561585
v 0.995624 0.056623 0.563218
v 1.022210 0.036264 0.564471
v 1.053167 0.023462 0.565259
v 1.086391 0.019098 0.565528
v 1.119615 0.023462 0.565259
v 1.150573 0.036264 0.564471
v 1.177158 0.056623 0.563218
v 1.197556 0.083159 0.561585
v 1.210382 0.114058 0.559683
v 1.222661 0.145618 0.531627
v 1.218015 0.180820 0.529460
v 1.204403 0.213626 0.527440
v 1.182746 0.241795 0.525707
v 1.154524 0.263407 0.524376
v 1.121660 0.276997 0.523540
v 1.086391 0.281630 0.523255
v 1.051122 0.276997 0.523540
v 1.018254 0.263407 0.524376
v 0.990032 0.241795 0.525707
v 0.968375 0.213626 0.527440
v 0.954763 0.180820 0.529460
v 0.950121 0.145618 0.531627
v 0.954763 0.110415 0.533793
v 0.968375 0.077609 0.535813
v 0.990032 0.049440 0.537546
v 1.018254 0.027828 0.538877
v 1.051122 0.014238 0.539713
v 1.086391 0.009605 0.539998
v 1.121660 0.014238 0.539713
v 1.154524 0.027828 0.538877
v 1.182746 0.049440 0.537546
v 1.204403 0.077609 0.535813
v 1.218015 0.110415 0.533793
v 1.225331 0.143952 0.504571
v 1.220594 0.179844 0.502362
v 1.206718 0.213291 0.500304
v 1.184635 0.242010 0.498536
v 1.155861 0.264051 0.497179
v 1.122351 0.277906 0.496326
v 1.086391 0.282630 0.496036
v 1.050432 0.277906 0.496326
v 1.016921 0.264051 0.497179
v 0.988143 0.242010 0.498536
v 0.966065 0.213291 0.500304
v 0.952184 0.179844 0.502362
v 0.947451 0.143952 0.504571
v 0.952184 0.108061 0.506781
v 0.966065 0.074614 0.508839
v 0.988143 0.045894 0.510607
v 1.016921 0.023853 0.511964
v 1.050432 0.009998 0.512817
v 1.086391 0.005275 0.513107
v 1.122351 0.009998 0.512817
v 1.155861 0.023853 0.511964
v 1.184635 0.045894 0.510607
v 1.206718 0.074614 0.508839
v 1.220594 0.108061 0.506781
v 1.222661 0.142287 0.477516
v 1.218015 0.177490 0.475350
v 1.204403 0.210295 0.473330
v 1.182746 0.238464 0.471596
v 1.154524 0.260076 0.470266
v 1.121660 0.273667 0.469430
v 1.086391 0.278299 0.469145
v 1.051122 0.273667 0.469430
v 1.018254 0.260076 0.470266
v 0.990032 0.238464 0.471596
v 0.968375 0.210295 0.473330
v 0.954763 0.177490 0.475350
v 0.950121 0.142287 0.477516
v 0.954763 0.107085 0.479683
v 0.968375 0.074279 0.481702
v 0.990032 0.046110 0.483436
v 1.018254 0.024498 0.484766
v 1.051122 0.010907 0.485603
v 1.086391 0.006275 0.485888
v 1.121660 0.010907 0.485603
v 1.154524 0.024498 0.484766
v 1.182746 0.046110 0.483436
v 1.204403 0.074279 0.481702
v 1.218015 0.107085 0.479683
v 1.214754 0.140686 0.451501
v 1.210382 0.173847 0.449460
v 1.197556 0.204746 0.447558
v 1.177158 0.231281 0.445925
v 1.150573 0.251641 0.444672
v 1.119615 0.264443 0.443884
v 1.086391 0.268807 0.443615
v 1.053167 0.264443 0.443884
v 1.022210 0.251641 0.444672
v 0.995624 0.231281 0.445925
v 0.975222 0.204746 0.447558
v 0.962400 0.173847 0.449460
v 0.958028 0.140686 0.451501
v 0.962400 0.107525 0.453542
v 0.975222 0.076625 0.455444
v 0.995624 0.050090 0.457078
v 1.022210 0.029731 0.458331
v 1.053167 0.016929 0.459119
v 1.086391 0.012565 0.459387
v 1.119615 0.016929 0.459119
v 1.150573 0.029731 0.458331
v 1.177158 0.050090 0.457078
v 1.197556 0.076625 0.455444
v 1.210382 0.107525 0.453542
v 1.201916 0.139210 0.427527
v 1.197977 0.169052 0.425691
v 1.186437 0.196865 0.423979
v 1.168079 0.220744 0.422509
v 1.144151 0.239067 0.421381
v 1.116289 0.250586 0.420672
v 1.086391 0.254516 0.420430
v 1.056489 0.250586 0.420672
v 1.028627 0.239067 0.421381
v 1.004703 0.220744 0.422509
v 0.986341 0.196865 0.423979
v 0.974801 0.169052 0.425691
v 0.970867 0.139210 0.427527
v 0.974801 0.109368 0.429364
v 0.986341 0.081555 0.431076
v 1.004703 0.057676 0.432546
v 1.028627 0.039354 0.433674
v 1.056489 0.027835 0.434383
v 1.086391 0.023904 0.434625
v 1.116289 0.027835 0.434383
v 1.144151 0.039354 0.433674
v 1.168079 0.057676 0.432546
v 1.186437 0.081555 0.431076
v 1.197977 0.109368 0.429364
v 1.184635 0.137917 0.406513
v 1.181287 0.163295 0.404951
v 1.171475 0.186948 0.403495
v 1.155861 0.207255 0.402245
v 1.135511 0.222839 0.401286
v 1.111817 0.232633 0.400683
v 1.086391 0.235975 0.400478
v 1.060961 0.232633 0.400683
v 1.037267 0.222839 0.401286
v 1.016921 0.207255 0.402245
v 1.001308 0.186948 0.403495
v 0.991491 0.163295 0.404951
v 0.988143 0.137917 0.406513
v 0.991491 0.112539 0.408075
v 1.001308 0.088886 0.409531
v 1.016921 0.068578 0.410781
v 1.037267 0.052994 0.411741
v 1.060961 0.043200 0.412343
v 1.086391 0.039859 0.412549
v 1.111817 0.043200 0.412343
v 1.135511 0.052994 0.411741
v 1.155861 0.068578 0.410781
v 1.171475 0.088886 0.409531
v 1.181287 0.112539 0.408075
v 1.163581 0.136855 0.389265
v 1.160950 0.156794 0.388038
v 1.153239 0.175377 0.386894
v 1.140973 0.191334 0.385912
v 1.124986 0.203576 0.385159
v 1.106368 0.211273 0.384685
v 1.086391 0.213899 0.384523
v 1.066410 0.211273 0.384685
v 1.047796 0.203576 0.385159
v 1.031809 0.191334 0.385912
v 1.019539 0.175377 0.386894
v 1.011828 0.156794 0.388038
v 1.009197 0.136855 0.389265
v 1.011828 0.116916 0.390493
v 1.019539 0.098333 0.391636
v 1.031809 0.082376 0.392619
v 1.047796 0.070134 0.393372
v 1.066410 0.062437 0.393846
v 1.086391 0.059811 0.394008
v 1.106368 0.062437 0.393846
v 1.124986 0.070134 0.393372
v 1.140973 0.082376 0.392619
v 1.153239 0.098333 0.391636
v 1.160950 0.116916 0.390493
v 1.139562 0.136066 0.376451
v 1.137747 0.149800 0.375605
v 1.132437 0.162601 0.374817
v 1.123987 0.173592 0.374141
v 1.112977 0.182025 0.373622
v 1.100151 0.187329 0.373295
v 1.086391 0.189136 0.373184
v 1.072627 0.187329 0.373295
v 1.059806 0.182025 0.373622
v 1.048795 0.173592 0.374141
v 1.040346 0.162601 0.374817
v 1.035031 0.149800 0.375605
v 1.033221 0.136066 0.376451
v 1.035031 0.122333 0.377296
v 1.040346 0.109531 0.378084
v 1.048795 0.098541 0.378760
v 1.059806 0.090108 0.379279
v 1.072627 0.084803 0.379606
v 1.086391 0.082996 0.379717
v 1.100151 0.084803 0.379606
v 1.112977 0.090108 0.379279
v 1.123987 0.098541 0.378760
v 1.132437 0.109531 0.378084
v 1.137747 0.122333 0.377296
v 1.113497 0.135581 0.368559
v 1.112573 0.142584 0.368128
v 1.109863 0.149106 0.367727
v 1.105556 0.154709 0.367382
v 1.099942 0.159013 0.367117
v 1.093408 0.161713 0.366951
v 1.086391 0.162636 0.366894
v 1.079375 0.161713 0.366951
v 1.072836 0.159013 0.367117
v 1.067222 0.154709 0.367382
v 1.062915 0.149106 0.367727
v 1.060210 0.142584 0.368128
v 1.059285 0.135581 0.368559
v 1.060210 0.128577 0.368990
v 1.062915 0.122055 0.369392
v 1.067222 0.116452 0.369736
v 1.072836 0.112148 0.370001
v 1.079375 0.109448 0.370168
v 1.086391 0.108525 0.370224
v 1.093408 0.109448 0.370168
v 1.099942 0.112148 0.370001
v 1.105556 0.116452 0.369736
v 1.109863 0.122055 0.369392
v 1.112573 0.128577 0.368990
v 1.086391 0.135416 0.365894
v 0.871477 0.168359 0.901094
v 0.907054 0.168144 0.897597
v 0.905843 0.177336 0.897031
v 0.902287 0.185899 0.896504
v 0.896634 0.193253 0.896051
v 0.889266 0.198896 0.895704
v 0.880686 0.202445 0.895485
v 0.871477 0.203654 0.895411
v 0.862272 0.202445 0.895485
v 0.853688 0.198896 0.895704
v 0.846320 0.193253 0.896051
v 0.840667 0.185899 0.896504
v 0.837115 0.177336 0.897031
v 0.835900 0.168144 0.897597
v 0.837115 0.158952 0.898163
v 0.840667 0.150389 0.898690
v 0.846320 0.143035 0.899142
v 0.853688 0.137392 0.899490
v 0.862272 0.133843 0.899708
v 0.871477 0.132634 0.899782
v 0.880686 0.133843 0.899708
v 0.889266 0.137392 0.899490
v 0.896634 0.143035 0.899142
v 0.902287 0.150389 0.898690
v 0.905843 0.158952 0.898163
v 0.941264 0.167506 0.887239
v 0.938885 0.185534 0.886130
v 0.931916 0.202332 0.885096
v 0.920823 0.216759 0.884208
v 0.906373 0.227827 0.883526
v 0.889539 0.234787 0.883098
v 0.871477 0.237162 0.882952
v 0.853415 0.234787 0.883098
v 0.836586 0.227827 0.883526
v 0.822132 0.216759 0.884208
v 0.811042 0.202332 0.885096
v 0.804069 0.185534 0.886130
v 0.801694 0.167506 0.887239
v 0.804069 0.149478 0.888349
v 0.811042 0.132681 0.889383
v 0.822132 0.118254 0.890271
v 0.836586 0.107186 0.890952
v 0.853415 0.100226 0.891381
v 0.871477 0.097851 0.891527
v 0.889539 0.100226 0.891381
v 0.906373 0.107186 0.890952
v 0.920823 0.118254 0.890271
v 0.931916 0.132681 0.889383
v 0.938885 0.149478 0.888349
v 0.972790 0.166471 0.870416
v 0.969339 0.192642 0.868805
v 0.959218 0.217032 0.867304
v 0.943118 0.237976 0.866015
v 0.922134 0.254046 0.865026
v 0.897702 0.264148 0.864404
v 0.871477 0.267593 0.864192
v 0.845256 0.264148 0.864404
v 0.820820 0.254046 0.865026
v 0.799840 0.237976 0.866015
v 0.783736 0.217032 0.867304
v 0.773615 0.192642 0.868805
v 0.770164 0.166471 0.870416
v 0.773615 0.140300 0.872027
v 0.783736 0.115910 0.873528
v 0.799840 0.094965 0.874817
v 0.820820 0.078896 0.875806
v 0.845256 0.068794 0.876428
v 0.871477 0.065349 0.876640
v 0.897702 0.068794 0.876428
v 0.922134 0.078896 0.875806
v 0.943118 0.094965 0.874817
v 0.959218 0.115910 0.873528
v 0.969339 0.140300 0.872027
v 1.000426 0.165078 0.847781
v 0.996032 0.198391 0.845731
v 0.983150 0.229428 0.843820
v 0.962656 0.256085 0.842179
v 0.935954 0.276540 0.840920
v 0.904853 0.289398 0.840129
v 0.871477 0.293779 0.839859
v 0.838105 0.289398 0.840129
v 0.807005 0.276540 0.840920
v 0.780298 0.256085 0.842179
v 0.759808 0.229428 0.843820
v 0.746926 0.198391 0.845731
v 0.742532 0.165078 0.847781
v 0.746926 0.131765 0.849832
v 0.759808 0.100727 0.851742
v 0.780298 0.074070 0.853383
v 0.807005 0.053616 0.854642
v 0.838105 0.040758 0.855433
v 0.871477 0.036376 0.855703
v 0.904853 0.040758 0.855433
v 0.935954 0.053616 0.854642
v 0.962656 0.074070 0.853383
v 0.983150 0.100727 0.851742
v 0.996032 0.131765 0.849832
v 1.023104 0.163380 0.820202
v 1.017937 0.202548 0.817791
v 1.002788 0.239050 0.815544
v 0.978695 0.270391 0.813615
v 0.947291 0.294443 0.812134
v 0.910723 0.309564 0.811204
v 0.871477 0.314721 0.810886
v 0.832235 0.309564 0.811204
v 0.795664 0.294443 0.812134
v 0.764263 0.270391 0.813615
v 0.740166 0.239050 0.815544
v 0.725017 0.202548 0.817791
v 0.719854 0.163380 0.820202
v 0.725017 0.124212 0.822612
v 0.740166 0.087710 0.824859
v 0.764263 0.056369 0.826788
v 0.795664 0.032317 0.828269
v 0.832235 0.017197 0.829200
v 0.871477 0.012039 0.829517
v 0.910723 0.017197 0.829200
v 0.947291 0.032317 0.828269
v 0.978695 0.056369 0.826788
v 1.002788 0.087710 0.824859
v 1.017937 0.124212 0.822612
v 1.039955 0.161443 0.788731
v 1.034215 0.204966 0.786052
v 1.017386 0.245521 0.783555
v 0.990609 0.280350 0.781412
v 0.955718 0.307072 0.779767
v 0.915082 0.323873 0.778733
v 0.871477 0.329603 0.778380
v 0.827872 0.323873 0.778733
v 0.787240 0.307072 0.779767
v 0.752345 0.280350 0.781412
v 0.725573 0.245521 0.783555
v 0.708744 0.204966 0.786052
v 0.702999 0.161443 0.788731
v 0.708744 0.117920 0.791409
v 0.725573 0.077365 0.793906
v 0.752345 0.042536 0.796049
v 0.787240 0.015814 0.797694
v 0.827872 -0.000988 0.798728
v 0.871477 -0.006717 0.799081
v 0.915082 -0.000988 0.798728
v 0.955718 0.015814 0.797694
v 0.990609 0.042536 0.796049
v 1.017386 0.077365 0.793906
v 1.034215 0.117920 0.791409
v 1.050332 0.159342 0.754590
v 1.044240 0.205547 0.751746
v 1.026369 0.248598 0.749096
v 0.997947 0.285573 0.746820
v 0.960907 0.313941 0.745074
v 0.917770 0.331774 0.743976
v 0.871477 0.337859 0.743602
v 0.825188 0.331774 0.743976
v 0.782052 0.313941 0.745074
v 0.745007 0.285573 0.746820
v 0.716585 0.248598 0.749096
v 0.698718 0.205547 0.751746
v 0.692622 0.159342 0.754590
v 0.698718 0.113136 0.757434
v 0.716585 0.070085 0.760084
v 0.745007 0.033110 0.762360
v 0.782052 0.004742 0.764106
v 0.825188 -0.013091 0.765203
v 0.871477 -0.019176 0.765578
v 0.917770 -0.013091 0.765203
v 0.960907 0.004742 0.764106
v 0.997947 0.033110 0.762360
v 1.026369 0.070085 0.760084
v 1.044240 0.113136 0.757434
v 1.053836 0.157156 0.719080
v 1.047623 0.204263 0.716180
v 1.029404 0.248163 0.713478
v 1.000426 0.285857 0.711158
v 0.962656 0.314785 0.709377
v 0.918678 0.332969 0.708258
v 0.871477 0.339170 0.707876
v 0.824281 0.332969 0.708258
v 0.780298 0.314785 0.709377
v 0.742532 0.285857 0.711158
v 0.713550 0.248163 0.713478
v 0.695331 0.204263 0.716180
v 0.689118 0.157156 0.719080
v 0.695331 0.110049 0.721979
v 0.713550 0.066149 0.724681
v 0.742532 0.028454 0.727001
v 0.780298 -0.000473 0.728782
v 0.824281 -0.018657 0.729901
v 0.871477 -0.024859 0.730283
v 0.918678 -0.018657 0.729901
v 0.962656 -0.000473 0.728782
v 1.000426 0.028454 0.727001
v 1.029404 0.066149 0.724681
v 1.047623 0.110049 0.721979
v 1.050332 0.154970 0.683569
v 1.044240 0.201176 0.680725
v 1.026369 0.244226 0.678076
v 0.997947 0.281201 0.675800
v 0.960907 0.309570 0.674054
v 0.917770 0.327403 0.672956
v 0.871477 0.333487 0.672581
v 0.825188 0.327403 0.672956
v 0.782052 0.309570 0.674054
v 0.745007 0.281201 0.675800
v 0.716585 0.244226 0.678076
v 0.698718 0.201176 0.680725
v 0.692622 0.154970 0.683569
v 0.698718 0.108764 0.686414
v 0.716585 0.065714 0.689063
v 0.745007 0.028739 0.691339
v 0.782052 0.000371 0.693085
v 0.825188 -0.017463 0.694183
v 0.871477 -0.023547 0.694558
v 0.917770 -0.017463 0.694183
v 0.960907 0.000371 0.693085
v 0.997947 0.028739 0.691339
v 1.026369 0.065714 0.689063
v 1.044240 0.108764 0.686414
v 1.039955 0.152868 0.649424
v 1.034215 0.196391 0.646746
v 1.017386 0.236946 0.644249
v 0.990609 0.271776 0.642106
v 0.955718 0.298497 0.640461
v 0.915082 0.315299 0.639427
v 0.871477 0.321028 0.639074
v 0.827872 0.315299 0.639427
v 0.787240 0.298497 0.640461
v 0.752345 0.271776 0.642106
v 0.725573 0.236946 0.644249
v 0.708744 0.196391 0.646746
v 0.702999 0.152868 0.649424
v 0.708744 0.109345 0.652103
v 0.725573 0.068791 0.654600
v 0.752345 0.033961 0.656743
v 0.787240 0.007240 0.658388
v 0.827872 -0.009562 0.659422
v 0.871477 -0.015291 0.659775
v 0.915082 -0.009562 0.659422
v 0.955718 0.007240 0.658388
v 0.990609 0.033961 0.656743
v 1.017386 0.068791 0.654600
v 1.034215 0.109345 0.652103
v 1.023104 0.150932 0.617958
v 1.017937 0.190099 0.615547
v 1.002788 0.226602 0.613300
v 0.978695 0.257943 0.611371
v 0.947291 0.281995 0.609891
v 0.910723 0.297115 0.608960
v 0.871477 0.302272 0.608642
v 0.832235 0.297115 0.608960
v 0.795664 0.281995 0.609891
v 0.764263 0.257943 0.611371
v 0.740166 0.226602 0.613300
v 0.725017 0.190099 0.615547
v 0.719854 0.150932 0.617958
v 0.725017 0.111764 0.620369
v 0.740166 0.075261 0.622615
v 0.764263 0.043920 0.624545
v 0.795664 0.019868 0.626025
v 0.832235 0.004748 0.626956
v 0.871477 -0.000409 0.627273
v 0.910723 0.004748 0.626956
v 0.947291 0.019868 0.626025
v 0.978695 0.043920 0.624545
v 1.002788 0.075261 0.622615
v 1.017937 0.111764 0.620369
v 1.000426 0.149234 0.590374
v 0.996032 0.182547 0.588323
v 0.983150 0.213584 0.586413
v 0.962656 0.240241 0.584772
v 0.935954 0.260696 0.583513
v 0.904853 0.273554 0.582722
v 0.871477 0.277935 0.582452
v 0.838105 0.273554 0.582722
v 0.807005 0.260696 0.583513
v 0.780298 0.240241 0.584772
v 0.759808 0.213584 0.586413
v 0.746926 0.182547 0.588323
v 0.742532 0.149234 0.590374
v 0.746926 0.115921 0.592424
v 0.759808 0.084883 0.594335
v 0.780298 0.058227 0.595976
v 0.807005 0.037772 0.597235
v 0.838105 0.024914 0.598026
v 0.871477 0.020532 0.598296
v 0.904853 0.024914 0.598026
v 0.935954 0.037772 0.597235
v 0.962656 0.058227 0.595976
v 0.983150 0.084883 0.594335
v 0.996032 0.115921 0.592424
v 0.972790 0.147840 0.567739
v 0.969339 0.174012 0.566128
v 0.959218 0.198401 0.564627
v 0.943118 0.219346 0.563338
v 0.922134 0.235415 0.562349
v 0.897702 0.245517 0.561727
v 0.871477 0.248962 0.561515
v 0.845256 0.245517 0.561727
v 0.820820 0.235415 0.562349
v 0.799840 0.219346 0.563338
v 0.783736 0.198401 0.564627
v 0.773615 0.174012 0.566128
v 0.770164 0.147840 0.567739
v 0.773615 0.121669 0.569350
v 0.783736 0.097279 0.570851
v 0.799840 0.076335 0.572140
v 0.820820 0.060266 0.573129
v 0.845256 0.050164 0.573751
v 0.871477 0.046719 0.573963
v 0.897702 0.050164 0.573751
v 0.922134 0.060266 0.573129
v 0.943118 0.076335 0.572140
v 0.959218 0.097279 0.570851
v 0.969339 0.121669 0.569350
v 0.941264 0.146805 0.550920
v 0.938885 0.164833 0.549810
v 0.931916 0.181631 0.548777
v 0.920823 0.196057 0.547889
v 0.906373 0.207126 0.547207
v 0.889539 0.214086 0.546779
v 0.871477 0.216460 0.546633
v 0.853415 0.214086 0.546779
v 0.836586 0.207126 0.547207
v 0.822132 0.196057 0.547889
v 0.811042 0.181631 0.548777
v 0.804069 0.164833 0.549810
v 0.801694 0.146805 0.550920
v 0.804069 0.128777 0.552030
v 0.811042 0.111980 0.553064
v 0.822132 0.097553 0.553952
v 0.836586 0.086485 0.554633
v 0.853415 0.079525 0.555061
v 0.871477 0.077150 0.555207
v 0.889539 0.079525 0.555061
v 0.906373 0.086485 0.554633
v 0.920823 0.097553 0.553952
v 0.931916 0.111980 0.553064
v 0.938885 0.128777 0.552030
v 0.907054 0.146168 0.540563
v 0.905843 0.155359 0.539997
v 0.902287 0.163923 0.539470
v 0.896634 0.171277 0.539017
v 0.889266 0.176919 0.538670
v 0.880686 0.180469 0.538451
v 0.871477 0.181678 0.538377
v 0.862272 0.180469 0.538451
v 0.853688 0.176919 0.538670
v 0.846320 0.171277 0.539017
v 0.840667 0.163923 0.539470
v 0.837115 0.155359 0.539997
v 0.835900 0.146168 0.540563
v 0.837115 0.136976 0.541128
v 0.840667 0.128413 0.541655
v 0.846320 0.121058 0.542108
v 0.853688 0.115416 0.542455
v 0.862272 0.111867 0.542674
v 0.871477 0.110658 0.542748
v 0.880686 0.111867 0.542674
v 0.889266 0.115416 0.542455
v 0.896634 0.121058 0.542108
v 0.902287 0.128413 0.541655
v 0.905843 0.136976 0.541128
v 0.871477 0.145952 0.537065
vn -0.0923 0.9952 0.0312
vn -0.2706 0.9388 0.2133
vn -0.4304 0.8183 0.3809
vn -0.5610 0.6420 0.5226
vn -0.6533 0.4221 0.6285
vn -0.7011 0.1734 0.6917
vn -0.7011 -0.0873 0.7077
vn -0.6533 -0.3418 0.6756
vn -0.5610 -0.5731 0.5974
vn -0.4304 -0.7654 0.4784
vn -0.2706 -0.9055 0.3268
vn -0.0923 -0.9839 0.1530
vn 0.0923 -0.9952 -0.0312
vn 0.2706 -0.9388 -0.2133
vn 0.4304 -0.8183 -0.3809
vn 0.5610 -0.6420 -0.5226
vn 0.6533 -0.4221 -0.6285
vn 0.7011 -0.1734 -0.6917
vn 0.7011 0.0873 -0.7077
vn 0.6533 0.3418 -0.6756
vn 0.5610 0.5731 -0.5974
vn 0.4304 0.7654 -0.4784
vn 0.2706 0.9055 -0.3268
vn 0.0923 0.9839 -0.1530
vn 0.0182 0.9900 0.1399
vn -0.1580 0.9342 0.3199
vn -0.3159 0.8152 0.4854
vn -0.4449 0.6411 0.6254
vn -0.5361 0.4237 0.7301
vn -0.5833 0.1781 0.7925
vn -0.5833 -0.0795 0.8084
vn -0.5361 -0.3310 0.7766
vn -0.4449 -0.5595 0.6993
vn -0.3159 -0.7495 0.5817
vn -0.1580 -0.8879 0.4321
vn 0.0182 -0.9654 0.2603
vn 0.2005 -0.9766 0.0783
vn 0.3767 -0.9207 -0.1017
vn 0.5346 -0.8018 -0.2672
vn 0.6636 -0.6276 -0.4071
vn 0.7548 -0.4103 -0.5119
vn 0.8019 -0.1646 -0.5743
vn 0.8019 0.0930 -0.5901
vn 0.7548 0.3444 -0.5583
vn 0.6636 0.5730 -0.4810
vn 0.5346 0.7630 -0.3635
vn 0.3767 0.9013 -0.2138
vn 0.2005 0.9788 -0.0421
vn -0.2707 0.9387 0.2134
vn -0.5610 0.6421 0.5225
vn -0.6533 0.4220 0.6286
vn -0.7010 0.1734 0.6917
vn -0.7010 -0.0873 0.7077
vn -0.6533 -0.3417 0.6756
vn -0.5610 -0.5732 0.5973
vn -0.4304 -0.7655 0.4783
vn -0.2707 -0.9055 0.3269
vn 0.2707 -0.9387 -0.2134
vn 0.5610 -0.6421 -0.5225
vn 0.6533 -0.4220 -0.6286
vn 0.7010 -0.1734 -0.6917
vn 0.7010 0.0873 -0.7077
vn 0.6533 0.3417 -0.6756
vn 0.5610 0.5732 -0.5973
vn 0.4304 0.7655 -0.4783
vn 0.2707 0.9055 -0.3269
vn -0.2005 0.9766 -0.0783
vn -0.3767 0.9207 0.1017
vn -0.5346 0.8018 0.2672
vn -0.6636 0.6276 0.4071
vn -0.7548 0.4103 0.5119
vn -0.8019 0.1646 0.5743
vn -0.8019 -0.0930 0.5901
vn -0.7548 -0.3444 0.5583
vn -0.6636 -0.5730 0.4810
vn -0.5346 -0.7630 0.3635
vn -0.3767 -0.9013 0.2138
vn -0.2005 -0.9788 0.0421
vn -0.0182 -0.9900 -0.1399
vn 0.1580 -0.9342 -0.3199
vn 0.3159 -0.8152 -0.4854
vn 0.4449 -0.6411 -0.6254
vn 0.5361 -0.4237 -0.7301
vn 0.5833 -0.1781 -0.7925
vn 0.5833 0.0795 -0.8084
vn 0.5361 0.3310 -0.7766
vn 0.4449 0.5595 -0.6993
vn 0.3159 0.7495 -0.5817
vn 0.1580 0.8879 -0.4321
vn -0.0182 0.9654 -0.2603
vn 0.7011 0.0873 -0.7078
vn -0.7071 -0.0434 -0.7058
vn 0.7071 0.0434 0.7058
vn 0.0980 0.0740 0.9924
vn 0.0913 0.0989 0.9909
vn 0.0784 0.1212 0.9895
vn 0.0602 0.1394 0.9884
vn 0.0378 0.1523 0.9876
vn 0.0129 0.1590 0.9872
vn -0.0129 0.1590 0.9872
vn -0.0378 0.1523 0.9876
vn -0.0602 0.1394 0.9884
vn -0.0784 0.1212 0.9895
vn -0.0913 0.0989 0.9909
vn -0.0980 0.0740 0.9924
vn -0.0980 0.0483 0.9940
vn -0.0913 0.0234 0.9955
vn -0.0784 0.0011 0.9969
vn -0.0602 -0.0171 0.9980
vn -0.0378 -0.0300 0.9988
vn -0.0129 -0.0367 0.9992
vn 0.0129 -0.0367 0.9992
vn 0.0378 -0.0300 0.9988
vn 0.0602 -0.0171 0.9980
vn 0.0784 0.0011 0.9969
vn 0.0913 0.0234 0.9955
vn 0.0980 0.0482 0.9940
vn -0.2901 -0.0969 -0.9521
vn -0.2703 -0.1705 -0.9476
vn -0.2321 -0.2365 -0.9435
vn -0.1781 -0.2904 -0.9402
vn -0.1120 -0.3285 -0.9378
vn -0.0382 -0.3483 -0.9366
vn 0.0382 -0.3483 -0.9366
vn 0.1120 -0.3285 -0.9378
vn 0.1781 -0.2904 -0.9402
vn 0.2321 -0.2365 -0.9435
vn 0.2703 -0.1705 -0.9476
vn 0.2901 -0.0969 -0.9521
vn 0.2901 -0.0206 -0.9568
vn 0.2703 0.0530 -0.9613
vn 0.2321 0.1190 -0.9654
vn 0.1781 0.1729 -0.9687
vn 0.1120 0.2110 -0.9710
vn 0.0382 0.2308 -0.9723
vn -0.0382 0.2308 -0.9723
vn -0.1120 0.2110 -0.9710
vn -0.1781 0.1730 -0.9687
vn -0.2321 0.1190 -0.9654
vn -0.2703 0.0530 -0.9613
vn -0.2901 -0.0206 -0.9568
vn -0.4705 -0.1159 -0.8748
vn -0.4384 -0.2353 -0.8674
vn -0.3765 -0.3424 -0.8608
vn -0.2889 -0.4298 -0.8555
vn -0.1816 -0.4916 -0.8517
vn -0.0620 -0.5237 -0.8497
vn 0.0619 -0.5237 -0.8497
vn 0.1816 -0.4916 -0.8517
vn 0.2889 -0.4298 -0.8555
vn 0.3765 -0.3424 -0.8608
vn 0.4384 -0.2353 -0.8674
vn 0.4705 -0.1159 -0.8748
vn 0.4705 0.0078 -0.8824
vn 0.4384 0.1271 -0.8897
vn 0.3765 0.2342 -0.8963
vn 0.2889 0.3217 -0.9017
vn 0.1816 0.3835 -0.9055
vn 0.0619 0.4155 -0.9075
vn -0.0620 0.4155 -0.9075
vn -0.1816 0.3835 -0.9055
vn -0.2889 0.3217 -0.9017
vn -0.3765 0.2342 -0.8963
vn -0.4384 0.1272 -0.8897
vn -0.4705 0.0077 -0.8824
vn -0.6322 -0.1304 -0.7637
vn -0.5891 -0.2909 -0.7539
vn -0.5059 -0.4348 -0.7450
vn -0.3882 -0.5522 -0.7378
vn -0.2440 -0.6353 -0.7327
vn -0.0832 -0.6783 -0.7300
vn 0.0832 -0.6783 -0.7300
vn 0.2440 -0.6353 -0.7327
vn 0.3882 -0.5522 -0.7378
vn 0.5059 -0.4348 -0.7450
vn 0.5891 -0.2909 -0.7539
vn 0.6321 -0.1304 -0.7638
vn 0.6321 0.0357 -0.7740
vn 0.5891 0.1962 -0.7839
vn 0.5059 0.3401 -0.7927
vn 0.3882 0.4576 -0.8000
vn 0.2440 0.5406 -0.8051
vn 0.0832 0.5837 -0.8077
vn -0.0832 0.5837 -0.8077
vn -0.2440 0.5406 -0.8051
vn -0.3882 0.4576 -0.8000
vn -0.5059 0.3401 -0.7927
vn -0.5891 0.1962 -0.7838
vn -0.6322 0.0357 -0.7740
vn -0.7691 -0.1398 -0.6237
vn -0.7166 -0.3351 -0.6117
vn -0.6154 -0.5101 -0.6009
vn -0.4723 -0.6530 -0.5921
vn -0.2969 -0.7541 -0.5859
vn -0.1012 -0.8064 -0.5827
vn 0.1012 -0.8064 -0.5827
vn 0.2969 -0.7541 -0.5859
vn 0.4723 -0.6530 -0.5921
vn 0.6154 -0.5101 -0.6009
vn 0.7167 -0.3351 -0.6116
vn 0.7691 -0.1398 -0.6237
vn 0.7691 0.0623 -0.6361
vn 0.7167 0.2575 -0.6481
vn 0.6154 0.4325 -0.6589
vn 0.4723 0.5755 -0.6677
vn 0.2969 0.6765 -0.6739
vn 0.1012 0.7288 -0.6772
vn -0.1012 0.7288 -0.6772
vn -0.2969 0.6765 -0.6739
vn -0.4723 0.5755 -0.6677
vn -0.6154 0.4325 -0.6589
vn -0.7166 0.2575 -0.6482
vn -0.7691 0.0622 -0.6361
vn -0.8760 -0.1439 -0.4603
vn -0.8164 -0.3663 -0.4465
vn -0.7010 -0.5656 -0.4343
vn -0.5379 -0.7284 -0.4243
vn -0.3382 -0.8435 -0.4172
vn -0.1153 -0.9031 -0.4136
vn 0.1153 -0.9031 -0.4135
vn 0.3382 -0.8435 -0.4172
vn 0.5379 -0.7284 -0.4243
vn 0.7010 -0.5656 -0.4343
vn 0.8163 -0.3663 -0.4466
vn 0.8760 -0.1439 -0.4603
vn 0.8760 0.0863 -0.4745
vn 0.8163 0.3087 -0.4882
vn 0.7010 0.5081 -0.5004
vn 0.5379 0.6709 -0.5105
vn 0.3382 0.7860 -0.5175
vn 0.1153 0.8456 -0.5212
vn -0.1153 0.8456 -0.5212
vn -0.3382 0.7860 -0.5175
vn -0.5379 0.6709 -0.5105
vn -0.7010 0.5081 -0.5004
vn -0.8164 0.3087 -0.4881
vn -0.8760 0.0863 -0.4745
vn -0.9494 -0.1425 -0.2798
vn -0.8847 -0.3835 -0.2650
vn -0.7598 -0.5995 -0.2517
vn -0.5829 -0.7760 -0.2408
vn -0.3665 -0.9008 -0.2331
vn -0.1250 -0.9653 -0.2291
vn 0.1250 -0.9653 -0.2291
vn 0.3665 -0.9008 -0.2331
vn 0.5830 -0.7760 -0.2408
vn 0.7598 -0.5995 -0.2516
vn 0.8847 -0.3835 -0.2649
vn 0.9494 -0.1424 -0.2798
vn 0.9494 0.1070 -0.2952
vn 0.8847 0.3481 -0.3100
vn 0.7598 0.5642 -0.3232
vn 0.5830 0.7406 -0.3341
vn 0.3665 0.8654 -0.3418
vn 0.1250 0.9300 -0.3458
vn -0.1250 0.9300 -0.3458
vn -0.3665 0.8654 -0.3418
vn -0.5829 0.7406 -0.3341
vn -0.7598 0.5641 -0.3233
vn -0.8847 0.3481 -0.3100
vn -0.9494 0.1071 -0.2952
vn -0.9867 -0.1356 -0.0890
vn -0.9195 -0.3861 -0.0736
vn -0.7896 -0.6107 -0.0597
vn -0.6059 -0.7941 -0.0485
vn -0.3809 -0.9237 -0.0406
vn -0.1299 -0.9909 -0.0364
vn 0.1299 -0.9909 -0.0364
vn 0.3809 -0.9237 -0.0405
vn 0.6059 -0.7941 -0.0485
vn 0.7896 -0.6107 -0.0598
vn 0.9195 -0.3862 -0.0736
vn 0.9868 -0.1356 -0.0890
vn 0.9868 0.1237 -0.1049
vn 0.9195 0.3742 -0.1204
vn 0.7896 0.5987 -0.1342
vn 0.6059 0.7821 -0.1455
vn 0.3809 0.9118 -0.1535
vn 0.1299 0.9789 -0.1577
vn -0.1299 0.9789 -0.1577
vn -0.3809 0.9118 -0.1535
vn -0.6059 0.7821 -0.1455
vn -0.7896 0.5988 -0.1342
vn -0.9195 0.3742 -0.1204
vn -0.9867 0.1237 -0.1050
vn -0.9867 -0.1237 0.1050
vn -0.9195 -0.3742 0.1204
vn -0.7896 -0.5988 0.1342
vn -0.6059 -0.7821 0.1455
vn -0.3809 -0.9118 0.1535
vn -0.1299 -0.9789 0.1577
vn 0.1299 -0.9789 0.1577
vn 0.3809 -0.9118 0.1535
vn 0.6059 -0.7821 0.1455
vn 0.7896 -0.5987 0.1342
vn 0.9195 -0.3742 0.1204
vn 0.9868 -0.1237 0.1049
vn 0.9868 0.1356 0.0890
vn 0.9195 0.3862 0.0736
vn 0.7896 0.6107 0.0598
vn 0.6059 0.7941 0.0485
vn 0.3809 0.9237 0.0405
vn 0.1299 0.9909 0.0364
vn -0.1299 0.9909 0.0364
vn -0.3809 0.9237 0.0406
vn -0.6059 0.7941 0.0485
vn -0.7896 0.6107 0.0597
vn -0.9195 0.3861 0.0736
vn -0.9867 0.1356 0.0890
vn -0.9494 -0.1071 0.2952
vn -0.8847 -0.3481 0.3100
vn -0.7598 -0.5641 0.3233
vn -0.5829 -0.7406 0.3342
vn -0.3665 -0.8654 0.3418
vn -0.1250 -0.9299 0.3458
vn 0.1250 -0.9299 0.3458
vn 0.3665 -0.8654 0.3418
vn 0.5830 -0.7406 0.3342
vn 0.7598 -0.5642 0.3233
vn 0.8847 -0.3481 0.3100
vn 0.9494 -0.1070 0.2952
vn 0.9494 0.1424 0.2798
vn 0.8847 0.3835 0.2650
vn 0.7598 0.5995 0.2516
vn 0.5830 0.7760 0.2408
vn 0.3665 0.9007 0.2331
vn 0.1250 0.9653 0.2291
vn -0.1250 0.9653 0.2291
vn -0.3665 0.9007 0.2331
vn -0.5829 0.7760 0.2408
vn -0.7598 0.5995 0.2517
vn -0.8847 0.3835 0.2650
vn -0.9494 0.1425 0.2798
vn -0.8761 -0.0864 0.4744
vn -0.8164 -0.3088 0.4880
vn -0.7010 -0.5081 0.5004
vn -0.5379 -0.6709 0.5104
vn -0.3382 -0.7860 0.5175
vn -0.1153 -0.8456 0.5211
vn 0.1153 -0.8456 0.5211
vn 0.3382 -0.7860 0.5175
vn 0.5379 -0.6709 0.5104
vn 0.7010 -0.5081 0.5004
vn 0.8163 -0.3087 0.4881
vn 0.8761 -0.0864 0.4744
vn 0.8761 0.1439 0.4602
vn 0.8163 0.3663 0.4466
vn 0.7010 0.5656 0.4343
vn 0.5379 0.7285 0.4243
vn 0.3382 0.8436 0.4172
vn 0.1153 0.9032 0.4135
vn -0.1153 0.9032 0.4135
vn -0.3382 0.8436 0.4172
vn -0.5379 0.7285 0.4243
vn -0.7010 0.5656 0.4343
vn -0.8164 0.3663 0.4465
vn -0.8761 0.1439 0.4602
vn -0.7690 -0.0622 0.6362
vn -0.7166 -0.2575 0.6482
vn -0.6154 -0.4325 0.6590
vn -0.4722 -0.5754 0.6678
vn -0.2968 -0.6765 0.6740
vn -0.1012 -0.7288 0.6772
vn 0.1012 -0.7288 0.6772
vn 0.2969 -0.6765 0.6740
vn 0.4722 -0.5754 0.6678
vn 0.6154 -0.4325 0.6590
vn 0.7166 -0.2575 0.6482
vn 0.7690 -0.0623 0.6362
vn 0.7690 0.1398 0.6237
vn 0.7166 0.3351 0.6117
vn 0.6154 0.5101 0.6010
vn 0.4722 0.6530 0.5921
vn 0.2969 0.7540 0.5859
vn 0.1012 0.8063 0.5827
vn -0.1012 0.8063 0.5827
vn -0.2968 0.7540 0.5859
vn -0.4722 0.6530 0.5921
vn -0.6154 0.5101 0.6010
vn -0.7166 0.3351 0.6118
vn -0.7690 0.1398 0.6238
vn -0.6322 -0.0357 0.7740
vn -0.5891 -0.1962 0.7838
vn -0.5059 -0.3401 0.7927
vn -0.3882 -0.4576 0.8000
vn -0.2440 -0.5406 0.8051
vn -0.0832 -0.5837 0.8077
vn 0.0832 -0.5837 0.8077
vn 0.2440 -0.5406 0.8051
vn 0.3882 -0.4576 0.8000
vn 0.5059 -0.3401 0.7927
vn 0.5891 -0.1962 0.7839
vn 0.6321 -0.0357 0.7740
vn 0.6321 0.1304 0.7638
vn 0.5891 0.2909 0.7539
vn 0.5059 0.4348 0.7450
vn 0.3882 0.5522 0.7378
vn 0.2440 0.6353 0.7327
vn 0.0832 0.6783 0.7300
vn -0.0832 0.6783 0.7300
vn -0.2440 0.6353 0.7327
vn -0.3882 0.5522 0.7378
vn -0.5059 0.4348 0.7450
vn -0.5891 0.2909 0.7539
vn -0.6322 0.1304 0.7637
vn -0.4705 -0.0077 0.8823
vn -0.4385 -0.1272 0.8897
vn -0.3765 -0.2343 0.8963
vn -0.2889 -0.3217 0.9017
vn -0.1816 -0.3836 0.9055
vn -0.0620 -0.4156 0.9074
vn 0.0620 -0.4156 0.9074
vn 0.1816 -0.3836 0.9055
vn 0.2889 -0.3217 0.9017
vn 0.3765 -0.2343 0.8963
vn 0.4385 -0.1272 0.8897
vn 0.4706 -0.0078 0.8823
vn 0.4706 0.1159 0.8747
vn 0.4385 0.2353 0.8674
vn 0.3765 0.3425 0.8608
vn 0.2889 0.4299 0.8554
vn 0.1816 0.4917 0.8516
vn 0.0620 0.5238 0.8496
vn -0.0620 0.5238 0.8496
vn -0.1816 0.4917 0.8516
vn -0.2889 0.4299 0.8554
vn -0.3765 0.3425 0.8608
vn -0.4385 0.2354 0.8674
vn -0.4705 0.1159 0.8747
vn -0.2901 0.0206 0.9568
vn -0.2703 -0.0530 0.9613
vn -0.2321 -0.1190 0.9654
vn -0.1781 -0.1730 0.9687
vn -0.1120 -0.2110 0.9710
vn -0.0382 -0.2308 0.9723
vn 0.0382 -0.2308 0.9723
vn 0.1120 -0.2110 0.9710
vn 0.1781 -0.1729 0.9687
vn 0.2321 -0.1190 0.9654
vn 0.2703 -0.0530 0.9613
vn 0.2901 0.0206 0.9568
vn 0.2901 0.0969 0.9521
vn 0.2703 0.1705 0.9476
vn 0.2321 0.2365 0.9435
vn 0.1781 0.2904 0.9402
vn 0.1120 0.3285 0.9378
vn 0.0382 0.3483 0.9366
vn -0.0382 0.3483 0.9366
vn -0.1120 0.3285 0.9378
vn -0.1781 0.2904 0.9402
vn -0.2321 0.2365 0.9435
vn -0.2703 0.1705 0.9476
vn -0.2901 0.0969 0.9521
vn 0.0980 -0.0482 -0.9940
vn 0.0913 -0.0234 -0.9955
vn 0.0784 -0.0011 -0.9969
vn 0.0602 0.0171 -0.9980
vn 0.0378 0.0300 -0.9988
vn 0.0129 0.0367 -0.9992
vn -0.0129 0.0367 -0.9992
vn -0.0378 0.0300 -0.9988
vn -0.0602 0.0171 -0.9980
vn -0.0784 -0.0011 -0.9969
vn -0.0913 -0.0234 -0.9955
vn -0.0980 -0.0483 -0.9940
vn -0.0980 -0.0740 -0.9924
vn -0.0913 -0.0989 -0.9909
vn -0.0784 -0.1212 -0.9895
vn -0.0602 -0.1394 -0.9884
vn -0.0378 -0.1523 -0.9876
vn -0.0129 -0.1590 -0.9872
vn 0.0129 -0.1590 -0.9872
vn 0.0378 -0.1523 -0.9876
vn 0.0602 -0.1394 -0.9884
vn 0.0784 -0.1212 -0.9895
vn 0.0913 -0.0989 -0.9909
vn 0.0980 -0.0740 -0.9924
vn 0.0914 0.0989 0.9909
vn -0.0785 0.1212 0.9895
vn -0.0980 0.0482 0.9940
vn -0.0913 0.0233 0.9955
vn -0.0785 0.0011 0.9969
vn 0.0378 -0.0301 0.9988
vn 0.0914 0.0234 0.9955
vn -0.1782 -0.2904 -0.9402
vn 0.1120 0.2111 -0.9710
vn -0.1120 0.2111 -0.9710
vn -0.1782 0.1729 -0.9687
vn -0.3764 -0.3424 -0.8608
vn -0.2889 -0.4299 -0.8554
vn -0.1817 -0.4917 -0.8516
vn -0.0619 -0.5237 -0.8496
vn 0.0619 -0.5237 -0.8496
vn 0.1816 -0.4917 -0.8516
vn 0.2889 -0.4299 -0.8554
vn 0.4705 -0.1160 -0.8748
vn 0.3765 0.2343 -0.8963
vn 0.0619 0.4156 -0.9075
vn -0.0619 0.4156 -0.9075
vn -0.1817 0.3835 -0.9055
vn -0.3764 0.2343 -0.8963
vn -0.5892 -0.2909 -0.7538
vn -0.3882 -0.5523 -0.7378
vn -0.0832 -0.6784 -0.7300
vn 0.0833 -0.6784 -0.7300
vn 0.2440 -0.6354 -0.7327
vn 0.3882 -0.5523 -0.7378
vn 0.5891 -0.2908 -0.7539
vn 0.6322 -0.1304 -0.7637
vn 0.6322 0.0358 -0.7740
vn 0.3882 0.4576 -0.7999
vn 0.2440 0.5407 -0.8050
vn 0.0833 0.5837 -0.8077
vn -0.2440 0.5407 -0.8051
vn -0.3882 0.4576 -0.7999
vn -0.5059 0.3402 -0.7927
vn -0.5892 0.1963 -0.7838
vn -0.6322 0.0358 -0.7740
vn -0.7166 -0.3350 -0.6117
vn -0.6153 -0.5101 -0.6010
vn -0.4722 -0.6530 -0.5921
vn -0.2968 -0.7541 -0.5859
vn -0.1013 -0.8063 -0.5827
vn 0.1013 -0.8063 -0.5827
vn 0.2968 -0.7541 -0.5859
vn 0.4722 -0.6530 -0.5921
vn 0.7167 -0.3350 -0.6117
vn 0.7690 -0.1399 -0.6238
vn 0.7690 0.0623 -0.6362
vn 0.7167 0.2574 -0.6482
vn 0.6154 0.4325 -0.6590
vn 0.4722 0.5755 -0.6678
vn 0.2968 0.6765 -0.6740
vn 0.1013 0.7288 -0.6772
vn -0.1013 0.7288 -0.6772
vn -0.2968 0.6765 -0.6740
vn -0.4722 0.5754 -0.6677
vn -0.6153 0.4326 -0.6590
vn -0.7691 0.0623 -0.6361
vn -0.8760 -0.1438 -0.4603
vn -0.8163 -0.3662 -0.4466
vn -0.7010 -0.5657 -0.4343
vn -0.5379 -0.7285 -0.4243
vn -0.3382 -0.8435 -0.4173
vn 0.1153 -0.9031 -0.4136
vn 0.3382 -0.8435 -0.4173
vn 0.5378 -0.7285 -0.4243
vn 0.8163 -0.3663 -0.4467
vn 0.5378 0.6709 -0.5105
vn 0.3382 0.7860 -0.5176
vn -0.3382 0.7860 -0.5176
vn -0.5379 0.6709 -0.5104
vn -0.7010 0.5082 -0.5004
vn -0.8163 0.3087 -0.4881
vn -0.8760 0.0863 -0.4744
vn -0.9494 -0.1424 -0.2798
vn -0.8848 -0.3834 -0.2650
vn -0.7597 -0.5996 -0.2517
vn -0.3665 -0.9007 -0.2331
vn -0.1249 -0.9653 -0.2291
vn 0.1249 -0.9653 -0.2291
vn 0.3665 -0.9007 -0.2331
vn 0.5829 -0.7760 -0.2408
vn 0.7597 -0.5996 -0.2517
vn 0.9495 -0.1425 -0.2797
vn 0.9495 0.1071 -0.2951
vn 0.8847 0.3481 -0.3099
vn 0.7597 0.5642 -0.3233
vn 0.5829 0.7406 -0.3341
vn 0.3665 0.8653 -0.3418
vn 0.1249 0.9300 -0.3458
vn -0.1249 0.9300 -0.3458
vn -0.3665 0.8653 -0.3418
vn -0.5829 0.7406 -0.3342
vn -0.7597 0.5642 -0.3233
vn -0.8847 0.3480 -0.3100
vn -0.9494 0.1070 -0.2951
vn -0.9868 -0.1356 -0.0890
vn -0.3809 -0.9237 -0.0405
vn 0.3809 -0.9237 -0.0406
vn 0.7896 -0.6108 -0.0598
vn 0.9195 -0.3860 -0.0736
vn 0.9867 -0.1357 -0.0890
vn 0.9867 0.1238 -0.1050
vn 0.9195 0.3741 -0.1204
vn 0.7896 0.5988 -0.1342
vn 0.1299 0.9789 -0.1576
vn -0.1299 0.9789 -0.1576
vn -0.6059 0.7822 -0.1455
vn -0.7896 0.5988 -0.1341
vn -0.9868 0.1236 -0.1050
vn -0.9868 -0.1236 0.1050
vn -0.7896 -0.5988 0.1341
vn -0.6059 -0.7822 0.1455
vn -0.1299 -0.9789 0.1576
vn 0.1299 -0.9789 0.1576
vn 0.7896 -0.5988 0.1342
vn 0.9195 -0.3741 0.1204
vn 0.9867 -0.1238 0.1050
vn 0.9867 0.1357 0.0890
vn 0.9195 0.3860 0.0736
vn 0.7896 0.6108 0.0598
vn 0.3809 0.9237 0.0406
vn -0.3809 0.9237 0.0405
vn -0.9868 0.1356 0.0890
vn -0.9494 -0.1070 0.2951
vn -0.8848 -0.3480 0.3100
vn -0.7597 -0.5642 0.3233
vn -0.3665 -0.8653 0.3418
vn -0.1249 -0.9300 0.3458
vn 0.1249 -0.9300 0.3458
vn 0.3665 -0.8653 0.3418
vn 0.5829 -0.7406 0.3341
vn 0.7597 -0.5642 0.3233
vn 0.8847 -0.3481 0.3099
vn 0.9495 -0.1071 0.2951
vn 0.9495 0.1425 0.2797
vn 0.8847 0.3835 0.2649
vn 0.7597 0.5996 0.2516
vn 0.5829 0.7760 0.2408
vn 0.1249 0.9653 0.2291
vn -0.1249 0.9653 0.2291
vn -0.7597 0.5996 0.2517
vn -0.8848 0.3834 0.2650
vn -0.9494 0.1424 0.2798
vn -0.8761 -0.0863 0.4744
vn -0.8164 -0.3087 0.4881
vn -0.7010 -0.5082 0.5004
vn -0.5379 -0.6710 0.5104
vn -0.1153 -0.8456 0.5212
vn 0.1153 -0.8456 0.5212
vn 0.5379 -0.6710 0.5104
vn 0.8760 -0.0863 0.4744
vn 0.8760 0.1439 0.4603
vn 0.7010 0.5657 0.4343
vn 0.3382 0.8435 0.4172
vn 0.1153 0.9031 0.4135
vn -0.5379 0.7285 0.4242
vn -0.7010 0.5657 0.4343
vn -0.8164 0.3662 0.4465
vn -0.8761 0.1438 0.4602
vn -0.7691 -0.0623 0.6361
vn -0.6153 -0.4326 0.6590
vn -0.4722 -0.5754 0.6677
vn -0.1013 -0.7288 0.6772
vn 0.1013 -0.7288 0.6772
vn 0.2968 -0.6765 0.6740
vn 0.4722 -0.5755 0.6678
vn 0.7167 -0.2574 0.6482
vn 0.7690 0.1399 0.6238
vn 0.7167 0.3350 0.6117
vn 0.6154 0.5101 0.6009
vn 0.2968 0.7541 0.5859
vn 0.1013 0.8063 0.5827
vn -0.1013 0.8063 0.5827
vn -0.2968 0.7541 0.5859
vn -0.6153 0.5101 0.6010
vn -0.7166 0.3350 0.6117
vn -0.7691 0.1398 0.6237
vn -0.6321 -0.0358 0.7740
vn -0.5891 -0.1962 0.7839
vn -0.5058 -0.3401 0.7928
vn -0.3881 -0.4575 0.8000
vn -0.0832 -0.5836 0.8078
vn 0.0832 -0.5836 0.8078
vn 0.3881 -0.4576 0.8000
vn 0.5058 -0.3401 0.7928
vn 0.5891 -0.1961 0.7839
vn 0.6321 -0.0358 0.7740
vn 0.5891 0.2908 0.7540
vn 0.5058 0.4347 0.7451
vn 0.3881 0.5522 0.7379
vn 0.0832 0.6783 0.7301
vn -0.0832 0.6783 0.7301
vn -0.2440 0.6353 0.7328
vn -0.3881 0.5522 0.7379
vn -0.5058 0.4348 0.7451
vn -0.6321 0.1304 0.7638
vn -0.4705 -0.0077 0.8824
vn -0.4384 -0.1272 0.8897
vn -0.3764 -0.2343 0.8963
vn -0.1817 -0.3835 0.9055
vn -0.0619 -0.4156 0.9075
vn 0.0619 -0.4156 0.9075
vn 0.1816 -0.3835 0.9055
vn 0.4384 -0.1271 0.8897
vn 0.4705 -0.0078 0.8824
vn 0.4705 0.1160 0.8748
vn 0.4384 0.2353 0.8674
vn 0.3765 0.3424 0.8608
vn 0.0619 0.5237 0.8496
vn -0.0619 0.5237 0.8496
vn -0.1817 0.4917 0.8516
vn -0.3764 0.3424 0.8608
vn -0.4384 0.2353 0.8674
vn -0.4705 0.1159 0.8748
vn -0.1782 -0.1729 0.9687
vn -0.1120 -0.2111 0.9710
vn 0.1120 -0.2111 0.9710
vn -0.1782 0.2904 0.9402
vn 0.0914 -0.0234 -0.9955
vn 0.0378 0.0301 -0.9988
vn -0.0785 -0.0011 -0.9969
vn -0.0913 -0.0233 -0.9955
vn -0.0980 -0.0482 -0.9940
vn -0.0785 -0.1212 -0.9895
vn 0.0914 -0.0989 -0.9909
vn 0.0785 0.1212 0.9895
vn -0.0914 0.0989 0.9909
vn -0.0914 0.0234 0.9955
vn -0.0378 -0.0301 0.9988
vn 0.0785 0.0011 0.9969
vn 0.0913 0.0233 0.9955
vn 0.1782 -0.2904 -0.9402
vn 0.1782 0.1729 -0.9687
vn -0.1781 0.1729 -0.9687
vn -0.4705 -0.1160 -0.8748
vn -0.1816 -0.4917 -0.8516
vn 0.1817 -0.4917 -0.8516
vn 0.3764 -0.3424 -0.8608
vn 0.4705 0.0077 -0.8824
vn 0.4384 0.1272 -0.8897
vn 0.3764 0.2343 -0.8963
vn 0.1817 0.3835 -0.9055
vn -0.3765 0.2343 -0.8963
vn -0.4384 0.1271 -0.8897
vn -0.4705 0.0078 -0.8824
vn -0.6321 -0.1304 -0.7638
vn -0.5891 -0.2908 -0.7540
vn -0.5058 -0.4347 -0.7451
vn -0.3881 -0.5522 -0.7379
vn -0.0832 -0.6783 -0.7301
vn 0.0832 -0.6783 -0.7301
vn 0.2440 -0.6353 -0.7328
vn 0.3881 -0.5522 -0.7379
vn 0.5058 -0.4348 -0.7451
vn 0.6321 0.0358 -0.7740
vn 0.5058 0.3401 -0.7928
vn 0.3881 0.4575 -0.8000
vn 0.0832 0.5836 -0.8078
vn -0.0832 0.5836 -0.8078
vn -0.3881 0.4576 -0.8000
vn -0.5058 0.3401 -0.7928
vn -0.5891 0.1961 -0.7839
vn -0.6321 0.0358 -0.7740
vn -0.7690 -0.1399 -0.6238
vn -0.7167 -0.3350 -0.6117
vn 0.6153 -0.5101 -0.6010
vn 0.7166 -0.3350 -0.6117
vn 0.7166 0.2575 -0.6482
vn 0.6153 0.4326 -0.6590
vn 0.4722 0.5754 -0.6677
vn -0.4722 0.5755 -0.6678
vn -0.6154 0.4325 -0.6590
vn -0.7167 0.2574 -0.6482
vn -0.7690 0.0623 -0.6362
vn -0.8163 -0.3663 -0.4466
vn -0.1153 -0.9031 -0.4135
vn 0.1153 -0.9032 -0.4135
vn 0.3382 -0.8436 -0.4172
vn 0.5379 -0.7285 -0.4242
vn 0.7010 -0.5657 -0.4343
vn 0.8164 -0.3662 -0.4465
vn 0.8761 -0.1438 -0.4602
vn 0.8761 0.0863 -0.4744
vn 0.8164 0.3087 -0.4881
vn 0.7010 0.5082 -0.5004
vn 0.5379 0.6710 -0.5104
vn -0.5379 0.6710 -0.5104
vn -0.9495 -0.1425 -0.2797
vn -0.8847 -0.3835 -0.2649
vn -0.7597 -0.5996 -0.2516
vn 0.8848 -0.3834 -0.2650
vn 0.9494 0.1070 -0.2951
vn 0.8848 0.3480 -0.3100
vn 0.5829 0.7406 -0.3342
vn -0.8847 0.3481 -0.3099
vn -0.9495 0.1071 -0.2951
vn -0.9867 -0.1357 -0.0890
vn -0.9195 -0.3860 -0.0736
vn -0.7896 -0.6108 -0.0598
vn 0.7896 -0.6107 -0.0597
vn 0.9195 -0.3861 -0.0736
vn 0.9868 0.1236 -0.1050
vn 0.7896 0.5988 -0.1341
vn 0.6059 0.7822 -0.1455
vn -0.9195 0.3741 -0.1204
vn -0.9867 0.1238 -0.1050
vn -0.9867 -0.1238 0.1050
vn -0.9195 -0.3741 0.1204
vn 0.6059 -0.7822 0.1455
vn 0.7896 -0.5988 0.1341
vn 0.9868 -0.1236 0.1050
vn 0.9195 0.3861 0.0736
vn 0.7896 0.6107 0.0597
vn -0.7896 0.6108 0.0598
vn -0.9195 0.3860 0.0736
vn -0.9867 0.1357 0.0890
vn -0.9495 -0.1071 0.2951
vn -0.8847 -0.3481 0.3099
vn -0.5829 -0.7406 0.3341
vn 0.5829 -0.7406 0.3342
vn 0.8847 -0.3480 0.3100
vn 0.9494 -0.1070 0.2951
vn 0.8848 0.3834 0.2650
vn 0.7597 0.5996 0.2517
vn -0.7597 0.5996 0.2516
vn -0.8847 0.3835 0.2649
vn -0.9495 0.1425 0.2797
vn -0.8760 -0.0863 0.4745
vn -0.8163 -0.3087 0.4882
vn -0.5378 -0.6709 0.5105
vn -0.3382 -0.7860 0.5176
vn 0.3382 -0.7860 0.5176
vn 0.7010 -0.5082 0.5004
vn 0.8760 0.1438 0.4603
vn 0.8163 0.3662 0.4466
vn 0.3382 0.8435 0.4173
vn 0.1153 0.9031 0.4136
vn -0.1153 0.9031 0.4136
vn -0.3382 0.8435 0.4173
vn -0.5378 0.7285 0.4243
vn -0.8163 0.3663 0.4467
vn -0.8760 0.1439 0.4603
vn -0.7690 -0.0623 0.6362
vn -0.7167 -0.2574 0.6482
vn -0.4722 -0.5755 0.6678
vn 0.4722 -0.5754 0.6677
vn 0.6153 -0.4326 0.6590
vn 0.7691 -0.0623 0.6361
vn 0.7691 0.1398 0.6237
vn 0.7166 0.3350 0.6117
vn 0.6153 0.5101 0.6010
vn -0.6154 0.5101 0.6009
vn -0.7167 0.3350 0.6117
vn -0.7690 0.1399 0.6238
vn -0.6322 -0.0358 0.7740
vn -0.3882 -0.4576 0.7999
vn -0.2440 -0.5407 0.8050
vn -0.0833 -0.5837 0.8077
vn 0.2440 -0.5407 0.8051
vn 0.3882 -0.4576 0.7999
vn 0.5059 -0.3402 0.7927
vn 0.5892 -0.1963 0.7838
vn 0.6322 -0.0358 0.7740
vn 0.6322 0.1304 0.7637
vn 0.5892 0.2909 0.7538
vn 0.3882 0.5523 0.7378
vn 0.0832 0.6784 0.7300
vn -0.0833 0.6784 0.7300
vn -0.2440 0.6354 0.7327
vn -0.3882 0.5523 0.7378
vn -0.5891 0.2908 0.7539
vn -0.4705 -0.0078 0.8824
vn -0.4384 -0.1271 0.8897
vn -0.1816 -0.3835 0.9055
vn 0.1817 -0.3835 0.9055
vn 0.3764 -0.2343 0.8963
vn 0.4384 -0.1272 0.8897
vn 0.4705 -0.0077 0.8824
vn 0.4705 0.1159 0.8748
vn 0.3764 0.3424 0.8608
vn 0.1817 0.4917 0.8516
vn -0.3765 0.3424 0.8608
vn -0.4705 0.1160 0.8748
vn -0.1781 -0.1729 0.9687
vn 0.1782 -0.1729 0.9687
vn 0.1782 0.2904 0.9402
vn 0.0913 -0.0233 -0.9955
vn 0.0785 -0.0011 -0.9969
vn -0.0378 0.0301 -0.9988
vn -0.0914 -0.0234 -0.9955
vn -0.0914 -0.0989 -0.9909
vn 0.0785 -0.1212 -0.9895
vn 0.0980 0.0483 0.9940
vn 0.1781 0.1730 -0.9687
vn -0.4706 -0.1159 -0.8747
vn -0.4385 -0.2353 -0.8674
vn -0.3765 -0.3425 -0.8608
vn -0.0620 -0.5238 -0.8496
vn 0.0620 -0.5238 -0.8496
vn 0.3765 -0.3425 -0.8608
vn 0.4385 -0.2354 -0.8674
vn 0.4705 -0.1159 -0.8747
vn 0.4705 0.0077 -0.8823
vn 0.4385 0.1272 -0.8897
vn 0.1816 0.3836 -0.9055
vn 0.0620 0.4156 -0.9074
vn -0.0620 0.4156 -0.9074
vn -0.1816 0.3836 -0.9055
vn -0.4385 0.1272 -0.8897
vn -0.4706 0.0078 -0.8823
vn 0.6322 0.0357 -0.7740
vn 0.5891 0.1962 -0.7838
vn -0.5891 0.1962 -0.7839
vn -0.6321 0.0357 -0.7740
vn -0.7690 -0.1398 -0.6237
vn -0.6154 -0.5101 -0.6010
vn -0.2969 -0.7540 -0.5859
vn -0.1012 -0.8063 -0.5827
vn 0.1012 -0.8063 -0.5827
vn 0.2968 -0.7540 -0.5859
vn 0.6154 -0.5101 -0.6010
vn 0.7166 -0.3351 -0.6118
vn 0.7690 -0.1398 -0.6238
vn 0.7690 0.0622 -0.6362
vn 0.4722 0.5754 -0.6678
vn -0.2969 0.6765 -0.6740
vn -0.4722 0.5754 -0.6678
vn -0.8761 -0.1439 -0.4602
vn -0.3382 -0.8436 -0.4172
vn -0.1153 -0.9032 -0.4135
vn 0.5379 -0.7285 -0.4243
vn 0.8164 -0.3663 -0.4465
vn 0.8761 -0.1439 -0.4602
vn 0.8761 0.0864 -0.4744
vn 0.8164 0.3088 -0.4880
vn 0.5379 0.6709 -0.5104
vn 0.1153 0.8456 -0.5211
vn -0.1153 0.8456 -0.5211
vn -0.8761 0.0864 -0.4744
vn -0.7598 -0.5995 -0.2516
vn -0.5830 -0.7760 -0.2408
vn 0.7598 -0.5995 -0.2517
vn 0.8847 -0.3835 -0.2650
vn 0.9494 -0.1425 -0.2798
vn 0.9494 0.1071 -0.2952
vn 0.7598 0.5641 -0.3233
vn 0.1250 0.9299 -0.3458
vn -0.1250 0.9299 -0.3458
vn -0.5830 0.7406 -0.3342
vn -0.9494 0.1070 -0.2952
vn -0.9195 -0.3862 -0.0736
vn -0.7896 -0.6107 -0.0598
vn 0.9867 -0.1356 -0.0890
vn 0.9867 0.1237 -0.1050
vn -0.7896 0.5987 -0.1342
vn -0.9868 0.1237 -0.1049
vn -0.9868 -0.1237 0.1049
vn -0.7896 -0.5987 0.1342
vn 0.9867 -0.1237 0.1050
vn 0.9867 0.1356 0.0890
vn -0.7896 0.6107 0.0598
vn -0.9195 0.3862 0.0736
vn -0.9494 -0.1070 0.2952
vn -0.7598 -0.5642 0.3232
vn -0.5830 -0.7406 0.3341
vn -0.1250 -0.9300 0.3458
vn 0.1250 -0.9300 0.3458
vn 0.7598 -0.5641 0.3233
vn 0.9494 -0.1071 0.2952
vn 0.9494 0.1425 0.2798
vn 0.7598 0.5995 0.2517
vn 0.3665 0.9008 0.2331
vn -0.3665 0.9008 0.2331
vn -0.5830 0.7760 0.2408
vn -0.7598 0.5995 0.2516
vn -0.5379 -0.6709 0.5105
vn 0.5379 -0.6709 0.5105
vn 0.8164 -0.3087 0.4881
vn 0.8760 -0.0863 0.4745
vn 0.8164 0.3663 0.4465
vn 0.5379 0.7284 0.4243
vn -0.1153 0.9031 0.4135
vn -0.3382 0.8435 0.4172
vn -0.5379 0.7284 0.4243
vn -0.8163 0.3663 0.4466
vn -0.7167 -0.2575 0.6481
vn -0.6154 -0.4325 0.6589
vn -0.4723 -0.5755 0.6677
vn -0.2969 -0.6765 0.6739
vn 0.2969 -0.6765 0.6739
vn 0.4723 -0.5755 0.6677
vn 0.6154 -0.4325 0.6589
vn 0.7691 -0.0622 0.6361
vn 0.4723 0.6530 0.5921
vn 0.2969 0.7541 0.5859
vn 0.1012 0.8064 0.5827
vn -0.1012 0.8064 0.5827
vn -0.2969 0.7541 0.5859
vn -0.4723 0.6530 0.5921
vn -0.7167 0.3351 0.6116
vn -0.6321 -0.0357 0.7740
vn 0.5891 -0.1962 0.7838
vn 0.6322 -0.0357 0.7740
vn -0.3765 -0.2342 0.8963
vn -0.0619 -0.4155 0.9075
vn 0.0620 -0.4155 0.9075
vn 0.3765 -0.2342 0.8963
vn 0.2889 0.4298 0.8555
vn 0.1816 0.4916 0.8517
vn 0.0620 0.5237 0.8497
vn -0.0619 0.5237 0.8497
vn -0.1816 0.4916 0.8517
vn -0.2889 0.4298 0.8555
vn 0.1781 -0.1730 0.9687
vn 0.0980 -0.0483 -0.9940
vt 0.638775 0.490157
vt 0.000000 0.000000
s 0
usemtl Material.001
f 1/1/1 2/1/1 26/1/1 25/1/1
f 2/1/2 3/1/2 27/1/2 26/1/2
f 3/1/3 4/1/3 28/1/3 27/1/3
f 4/2/4 5/2/4 29/2/4 28/2/4
f 5/2/5 6/2/5 30/2/5 29/2/5
f 6/2/6 7/2/6 31/2/6 30/2/6
f 7/2/7 8/2/7 32/2/7 31/2/7
f 8/2/8 9/2/8 33/2/8 32/2/8
f 9/2/9 10/2/9 34/2/9 33/2/9
f 10/1/10 11/1/10 35/1/10 34/1/10
f 11/1/11 12/1/11 36/1/11 35/1/11
f 12/1/12 13/1/12 37/1/12 36/1/12
f 13/1/13 14/1/13 38/1/13 37/1/13
f 14/2/14 15/2/14 39/2/14 38/2/14
f 15/2/15 16/2/15 40/2/15 39/2/15
f 16/2/16 17/2/16 41/2/16 40/2/16
f 17/2/17 18/2/17 42/2/17 41/2/17
f 18/2/18 19/2/18 43/2/18 42/2/18
f 19/2/19 20/2/19 44/2/19 43/2/19
f 20/2/20 21/2/20 45/2/20 44/2/20
f 21/2/21 22/2/21 46/2/21 45/2/21
f 22/2/22 23/2/22 47/2/22 46/2/22
f 23/2/23 24/2/23 48/2/23 47/2/23
f 24/1/24 1/1/24 25/1/24 48/1/24
f 25/1/25 26/1/25 50/1/25 49/1/25
f 26/1/26 27/1/26 51/1/26 50/1/26
f 27/1/27 28/1/27 52/1/27 51/1/27
f 28/1/28 29/1/28 53/1/28 52/1/28
f 29/1/29 30/1/29 54/1/29 53/1/29
f 30/1/30 31/1/30 55/1/30 54/1/30
f 31/1/31 32/1/31 56/1/31 55/1/31
f 32/1/32 33/1/32 57/1/32 56/1/32
f 33/1/33 34/1/33 58/1/33 57/1/33
f 34/1/34 35/1/34 59/1/34 58/1/34
f 35/1/35 36/1/35 60/1/35 59/1/35
f 36/1/36 37/1/36 61/1/36 60/1/36
f 37/1/37 38/1/37 62/1/37 61/1/37
f 38/1/38 39/1/38 63/1/38 62/1/38
f 39/1/39 40/1/39 64/1/39 63/1/39
f 40/1/40 41/1/40 65/1/40 64/1/40
f 41/1/41 42/1/41 66/1/41 65/1/41
f 42/1/42 43/1/42 67/1/42 66/1/42
f 43/1/43 44/1/43 68/1/43 67/1/43
f 44/1/44 45/1/44 69/1/44 68/1/44
f 45/1/45 46/1/45 70/1/45 69/1/45
f 46/1/46 47/1/46 71/1/46 70/1/46
f 47/1/47 48/1/47 72/1/47 71/1/47
f 48/1/48 25/1/48 49/1/48 72/1/48
f 49/1/1 50/1/1 74/1/1 73/1/1
f 50/1/49 51/1/49 75/1/49 74/1/49
f 51/1/3 52/1/3 76/1/3 75/1/3
f 52/1/50 53/1/50 77/1/50 76/1/50
f 53/1/51 54/1/51 78/1/51 77/1/51
f 54/1/52 55/1/52 79/1/52 78/1/52
f 55/1/53 56/1/53 80/1/53 79/1/53
f 56/1/54 57/1/54 81/1/54 80/1/54
f 57/1/55 58/1/55 82/1/55 81/1/55
f 58/1/56 59/1/56 83/1/56 82/1/56
f 59/1/57 60/1/57 84/1/57 83/1/57
f 60/1/12 61/1/12 85/1/12 84/1/12
f 61/1/13 62/1/13 86/1/13 85/1/13
f 62/1/58 63/1/58 87/1/58 86/1/58
f 63/1/15 64/1/15 88/1/15 87/1/15
f 64/1/59 65/1/59 89/1/59 88/1/59
f 65/1/60 66/1/60 90/1/60 89/1/60
f 66/1/61 67/1/61 91/1/61 90/1/61
f 67/1/62 68/1/62 92/1/62 91/1/62
f 68/1/63 69/1/63 93/1/63 92/1/63
f 69/1/64 70/1/64 94/1/64 93/1/64
f 70/1/65 71/1/65 95/1/65 94/1/65
f 71/1/66 72/1/66 96/1/66 95/1/66
f 72/1/24 49/1/24 73/1/24 96/1/24
f 73/1/1 74/1/1 98/1/1 97/1/1
f 74/1/49 75/1/49 99/1/49 98/1/49
f 75/1/3 76/1/3 100/1/3 99/1/3
f 76/1/50 77/1/50 101/1/50 100/1/50
f 77/1/51 78/1/51 102/1/51 101/1/51
f 78/1/52 79/1/52 103/1/52 102/1/52
f 79/1/53 80/1/53 104/1/53 103/1/53
f 80/1/54 81/1/54 105/1/54 104/1/54
f 81/1/55 82/1/55 106/1/55 105/1/55
f 82/1/56 83/1/56 107/1/56 106/1/56
f 83/1/57 84/1/57 108/1/57 107/1/57
f 84/1/12 85/1/12 109/1/12 108/1/12
f 85/1/13 86/1/13 110/1/13 109/1/13
f 86/1/58 87/1/58 111/1/58 110/1/58
f 87/1/15 88/1/15 112/1/15 111/1/15
f 88/1/59 89/1/59 113/1/59 112/1/59
f 89/1/60 90/1/60 114/1/60 113/1/60
f 90/1/61 91/1/61 115/1/61 114/1/61
f 91/1/62 92/1/62 116/1/62 115/1/62
f 92/1/63 93/1/63 117/1/63 116/1/63
f 93/1/64 94/1/64 118/1/64 117/1/64
f 94/1/65 95/1/65 119/1/65 118/1/65
f 95/1/66 96/1/66 120/1/66 119/1/66
f 96/1/24 73/1/24 97/1/24 120/1/24
f 97/1/67 98/1/67 122/1/67 121/1/67
f 98/1/68 99/1/68 123/1/68 122/1/68
f 99/1/69 100/1/69 124/1/69 123/1/69
f 100/1/70 101/1/70 125/1/70 124/1/70
f 101/1/71 102/1/71 126/1/71 125/1/71
f 102/1/72 103/1/72 127/1/72 126/1/72
f 103/1/73 104/1/73 128/1/73 127/1/73
f 104/1/74 105/1/74 129/1/74 128/1/74
f 105/1/75 106/1/75 130/1/75 129/1/75
f 106/1/76 107/1/76 131/1/76 130/1/76
f 107/1/77 108/1/77 132/1/77 131/1/77
f 108/1/78 109/1/78 133/1/78 132/1/78
f 109/1/79 110/1/79 134/1/79 133/1/79
f 110/1/80 111/1/80 135/1/80 134/1/80
f 111/1/81 112/1/81 136/1/81 135/1/81
f 112/1/82 113/1/82 137/1/82 136/1/82
f 113/1/83 114/1/83 138/1/83 137/1/83
f 114/1/84 115/1/84 139/1/84 138/1/84
f 115/1/85 116/1/85 140/1/85 139/1/85
f 116/1/86 117/1/86 141/1/86 140/1/86
f 117/1/87 118/1/87 142/1/87 141/1/87
f 118/1/88 119/1/88 143/1/88 142/1/88
f 119/1/89 120/1/89 144/1/89 143/1/89
f 120/1/90 97/1/90 121/1/90 144/1/90
f 121/1/1 122/1/1 146/1/1 145/1/1
f 122/2/2 123/2/2 147/2/2 146/2/2
f 123/2/3 124/2/3 148/2/3 147/2/3
f 124/2/4 125/2/4 149/2/4 148/2/4
f 125/2/5 126/2/5 150/2/5 149/2/5
f 126/2/6 127/2/6 151/2/6 150/2/6
f 127/2/7 128/2/7 152/2/7 151/2/7
f 128/2/8 129/2/8 153/2/8 152/2/8
f 129/2/9 130/2/9 154/2/9 153/2/9
f 130/2/10 131/2/10 155/2/10 154/2/10
f 131/2/11 132/2/11 156/2/11 155/2/11
f 132/1/12 133/1/12 157/1/12 156/1/12
f 133/1/13 134/1/13 158/1/13 157/1/13
f 134/1/14 135/1/14 159/1/14 158/1/14
f 135/1/15 136/1/15 160/1/15 159/1/15
f 136/2/16 137/2/16 161/2/16 160/2/16
f 137/2/17 138/2/17 162/2/17 161/2/17
f 138/2/18 139/2/18 163/2/18 162/2/18
f 139/2/91 140/2/91 164/2/91 163/2/91
f 140/2/20 141/2/20 165/2/20 164/2/20
f 141/2/21 142/2/21 166/2/21 165/2/21
f 142/1/22 143/1/22 167/1/22 166/1/22
f 143/1/23 144/1/23 168/1/23 167/1/23
f 144/1/24 121/1/24 145/1/24 168/1/24
f 169/1/92 2/1/92 1/1/92
f 169/1/92 3/1/92 2/1/92
f 169/2/92 4/2/92 3/2/92
f 169/2/92 5/2/92 4/2/92
f 169/2/92 6/2/92 5/2/92
f 169/2/92 7/2/92 6/2/92
f 169/2/92 8/2/92 7/2/92
f 169/2/92 9/2/92 8/2/92
f 169/2/92 10/2/92 9/2/92
f 169/2/92 11/2/92 10/2/92
f 169/1/92 12/1/92 11/1/92
f 169/1/92 13/1/92 12/1/92
f 169/2/92 14/2/92 13/2/92
f 169/2/92 15/2/92 14/2/92
f 169/2/92 16/2/92 15/2/92
f 169/2/92 17/2/92 16/2/92
f 169/2/92 18/2/92 17/2/92
f 169/2/92 19/2/92 18/2/92
f 169/2/92 20/2/92 19/2/92
f 169/2/92 21/2/92 20/2/92
f 169/2/92 22/2/92 21/2/92
f 169/2/92 23/2/92 22/2/92
f 169/2/92 24/2/92 23/2/92
f 169/1/92 1/1/92 24/1/92
f 170/1/93 145/1/93 146/1/93
f 170/2/93 146/2/93 147/2/93
f 170/2/93 147/2/93 148/2/93
f 170/2/93 148/2/93 149/2/93
f 170/2/93 149/2/93 150/2/93
f 170/2/93 150/2/93 151/2/93
f 170/2/93 151/2/93 152/2/93
f 170/2/93 152/2/93 153/2/93
f 170/2/93 153/2/93 154/2/93
f 170/2/93 154/2/93 155/2/93
f 170/2/93 155/2/93 156/2/93
f 170/1/93 156/1/93 157/1/93
f 170/1/93 157/1/93 158/1/93
f 170/1/93 158/1/93 159/1/93
f 170/2/93 159/2/93 160/2/93
f 170/2/93 160/2/93 161/2/93
f 170/2/93 161/2/93 162/2/93
f 170/2/93 162/2/93 163/2/93
f 170/2/93 163/2/93 164/2/93
f 170/2/93 164/2/93 165/2/93
f 170/2/93 165/2/93 166/2/93
f 170/2/93 166/2/93 167/2/93
f 170/1/93 167/1/93 168/1/93
f 170/1/93 168/1/93 145/1/93
f 171/2/94 172/2/94 173/2/94
f 171/2/95 173/2/95 174/2/95
f 171/2/96 174/2/96 175/2/96
f 171/2/97 175/2/97 176/2/97
f 171/2/98 176/2/98 177/2/98
f 171/2/99 177/2/99 178/2/99
f 171/2/100 178/2/100 179/2/100
f 171/2/101 179/2/101 180/2/101
f 171/2/102 180/2/102 181/2/102
f 171/2/103 181/2/103 182/2/103
f 171/2/104 182/2/104 183/2/104
f 171/2/105 183/2/105 184/2/105
f 171/2/106 184/2/106 185/2/106
f 171/2/107 185/2/107 186/2/107
f 171/2/108 186/2/108 187/2/108
f 171/2/109 187/2/109 188/2/109
f 171/2/110 188/2/110 189/2/110
f 171/2/111 189/2/111 190/2/111
f 171/2/112 190/2/112 191/2/112
f 171/2/113 191/2/113 192/2/113
f 171/2/114 192/2/114 193/2/114
f 171/2/115 193/2/115 194/2/115
f 171/2/116 194/2/116 195/2/116
f 171/2/117 195/2/117 172/2/117
f 172/2/118 173/2/118 197/2/118 196/2/118
f 173/2/119 174/2/119 198/2/119 197/2/119
f 174/2/120 175/2/120 199/2/120 198/2/120
f 175/2/121 176/2/121 200/2/121 199/2/121
f 176/2/122 177/2/122 201/2/122 200/2/122
f 177/2/123 178/2/123 202/2/123 201/2/123
f 178/2/124 179/2/124 203/2/124 202/2/124
f 179/2/125 180/2/125 204/2/125 203/2/125
f 180/2/126 181/2/126 205/2/126 204/2/126
f 181/2/127 182/2/127 206/2/127 205/2/127
f 182/2/128 183/2/128 207/2/128 206/2/128
f 183/2/129 184/2/129 208/2/129 207/2/129
f 184/2/130 185/2/130 209/2/130 208/2/130
f 185/2/131 186/2/131 210/2/131 209/2/131
f 186/2/132 187/2/132 211/2/132 210/2/132
f 187/2/133 188/2/133 212/2/133 211/2/133
f 188/2/134 189/2/134 213/2/134 212/2/134
f 189/2/135 190/2/135 214/2/135 213/2/135
f 190/2/136 191/2/136 215/2/136 214/2/136
f 191/2/137 192/2/137 216/2/137 215/2/137
f 192/2/138 193/2/138 217/2/138 216/2/138
f 193/2/139 194/2/139 218/2/139 217/2/139
f 194/2/140 195/2/140 219/2/140 218/2/140
f 195/2/141 172/2/141 196/2/141 219/2/141
f 196/1/142 197/1/142 221/1/142 220/1/142
f 197/1/143 198/1/143 222/1/143 221/1/143
f 198/1/144 199/1/144 223/1/144 222/1/144
f 199/1/145 200/1/145 224/1/145 223/1/145
f 200/1/146 201/1/146 225/1/146 224/1/146
f 201/1/147 202/1/147 226/1/147 225/1/147
f 202/2/148 203/2/148 227/2/148 226/2/148
f 203/2/149 204/2/149 228/2/149 227/2/149
f 204/2/150 205/2/150 229/2/150 228/2/150
f 205/2/151 206/2/151 230/2/151 229/2/151
f 206/2/152 207/2/152 231/2/152 230/2/152
f 207/2/153 208/2/153 232/2/153 231/2/153
f 208/2/154 209/2/154 233/2/154 232/2/154
f 209/2/155 210/2/155 234/2/155 233/2/155
f 210/2/156 211/2/156 235/2/156 234/2/156
f 211/2/157 212/2/157 236/2/157 235/2/157
f 212/2/158 213/2/158 237/2/158 236/2/158
f 213/2/159 214/2/159 238/2/159 237/2/159
f 214/1/160 215/1/160 239/1/160 238/1/160
f 215/1/161 216/1/161 240/1/161 239/1/161
f 216/1/162 217/1/162 241/1/162 240/1/162
f 217/1/163 218/1/163 242/1/163 241/1/163
f 218/1/164 219/1/164 243/1/164 242/1/164
f 219/1/165 196/1/165 220/1/165 243/1/165
f 220/1/166 221/1/166 245/1/166 244/1/166
f 221/1/167 222/1/167 246/1/167 245/1/167
f 222/1/168 223/1/168 247/1/168 246/1/168
f 223/1/169 224/1/169 248/1/169 247/1/169
f 224/1/170 225/1/170 249/1/170 248/1/170
f 225/1/171 226/1/171 250/1/171 249/1/171
f 226/1/172 227/1/172 251/1/172 250/1/172
f 227/1/173 228/1/173 252/1/173 251/1/173
f 228/2/174 229/2/174 253/2/174 252/2/174
f 229/2/175 230/2/175 254/2/175 253/2/175
f 230/2/176 231/2/176 255/2/176 254/2/176
f 231/2/177 232/2/177 256/2/177 255/2/177
f 232/2/178 233/2/178 257/2/178 256/2/178
f 233/2/179 234/2/179 258/2/179 257/2/179
f 234/2/180 235/2/180 259/2/180 258/2/180
f 235/2/181 236/2/181 260/2/181 259/2/181
f 236/1/182 237/1/182 261/1/182 260/1/182
f 237/1/183 238/1/183 262/1/183 261/1/183
f 238/1/184 239/1/184 263/1/184 262/1/184
f 239/1/185 240/1/185 264/1/185 263/1/185
f 240/1/186 241/1/186 265/1/186 264/1/186
f 241/1/187 242/1/187 266/1/187 265/1/187
f 242/1/188 243/1/188 267/1/188 266/1/188
f 243/1/189 220/1/189 244/1/189 267/1/189
f 244/1/190 245/1/190 269/1/190 268/1/190
f 245/1/191 246/1/191 270/1/191 269/1/191
f 246/1/192 247/1/192 271/1/192 270/1/192
f 247/1/193 248/1/193 272/1/193 271/1/193
f 248/1/194 249/1/194 273/1/194 272/1/194
f 249/1/195 250/1/195 274/1/195 273/1/195
f 250/1/196 251/1/196 275/1/196 274/1/196
f 251/1/197 252/1/197 276/1/197 275/1/197
f 252/1/198 253/1/198 277/1/198 276/1/198
f 253/1/199 254/1/199 278/1/199 277/1/199
f 254/2/200 255/2/200 279/2/200 278/2/200
f 255/2/201 256/2/201 280/2/201 279/2/201
f 256/2/202 257/2/202 281/2/202 280/2/202
f 257/2/203 258/2/203 282/2/203 281/2/203
f 258/1/204 259/1/204 283/1/204 282/1/204
f 259/1/205 260/1/205 284/1/205 283/1/205
f 260/1/206 261/1/206 285/1/206 284/1/206
f 261/1/207 262/1/207 286/1/207 285/1/207
f 262/1/208 263/1/208 287/1/208 286/1/208
f 263/1/209 264/1/209 288/1/209 287/1/209
f 264/1/210 265/1/210 289/1/210 288/1/210
f 265/1/211 266/1/211 290/1/211 289/1/211
f 266/1/212 267/1/212 291/1/212 290/1/212
f 267/1/213 244/1/213 268/1/213 291/1/213
f 268/1/214 269/1/214 293/1/214 292/1/214
f 269/1/215 270/1/215 294/1/215 293/1/215
f 270/1/216 271/1/216 295/1/216 294/1/216
f 271/1/217 272/1/217 296/1/217 295/1/217
f 272/1/218 273/1/218 297/1/218 296/1/218
f 273/1/219 274/1/219 298/1/219 297/1/219
f 274/1/220 275/1/220 299/1/220 298/1/220
f 275/1/221 276/1/221 300/1/221 299/1/221
f 276/1/222 277/1/222 301/1/222 300/1/222
f 277/1/223 278/1/223 302/1/223 301/1/223
f 278/1/224 279/1/224 303/1/224 302/1/224
f 279/1/225 280/1/225 304/1/225 303/1/225
f 280/2/226 281/2/226 305/2/226 304/2/226
f 281/1/227 282/1/227 306/1/227 305/1/227
f 282/1/228 283/1/228 307/1/228 306/1/228
f 283/1/229 284/1/229 308/1/229 307/1/229
f 284/1/230 285/1/230 309/1/230 308/1/230
f 285/1/231 286/1/231 310/1/231 309/1/231
f 286/1/232 287/1/232 311/1/232 310/1/232
f 287/1/233 288/1/233 312/1/233 311/1/233
f 288/1/234 289/1/234 313/1/234 312/1/234
f 289/1/235 290/1/235 314/1/235 313/1/235
f 290/1/236 291/1/236 315/1/236 314/1/236
f 291/1/237 268/1/237 292/1/237 315/1/237
f 292/1/238 293/1/238 317/1/238 316/1/238
f 293/1/239 294/1/239 318/1/239 317/1/239
f 294/1/240 295/1/240 319/1/240 318/1/240
f 295/1/241 296/1/241 320/1/241 319/1/241
f 296/1/242 297/1/242 321/1/242 320/1/242
f 297/1/243 298/1/243 322/1/243 321/1/243
f 298/1/244 299/1/244 323/1/244 322/1/244
f 299/1/245 300/1/245 324/1/245 323/1/245
f 300/1/246 301/1/246 325/1/246 324/1/246
f 301/1/247 302/1/247 326/1/247 325/1/247
f 302/1/248 303/1/248 327/1/248 326/1/248
f 303/1/249 304/1/249 328/1/249 327/1/249
f 304/1/250 305/1/250 329/1/250 328/1/250
f 305/1/251 306/1/251 330/1/251 329/1/251
f 306/1/252 307/1/252 331/1/252 330/1/252
f 307/1/253 308/1/253 332/1/253 331/1/253
f 308/1/254 309/1/254 333/1/254 332/1/254
f 309/1/255 310/1/255 334/1/255 333/1/255
f 310/1/256 311/1/256 335/1/256 334/1/256
f 311/1/257 312/1/257 336/1/257 335/1/257
f 312/1/258 313/1/258 337/1/258 336/1/258
f 313/1/259 314/1/259 338/1/259 337/1/259
f 314/1/260 315/1/260 339/1/260 338/1/260
f 315/1/261 292/1/261 316/1/261 339/1/261
f 316/1/262 317/1/262 341/1/262 340/1/262
f 317/1/263 318/1/263 342/1/263 341/1/263
f 318/1/264 319/1/264 343/1/264 342/1/264
f 319/1/265 320/1/265 344/1/265 343/1/265
f 320/1/266 321/1/266 345/1/266 344/1/266
f 321/1/267 322/1/267 346/1/267 345/1/267
f 322/1/268 323/1/268 347/1/268 346/1/268
f 323/1/269 324/1/269 348/1/269 347/1/269
f 324/1/270 325/1/270 349/1/270 348/1/270
f 325/1/271 326/1/271 350/1/271 349/1/271
f 326/1/272 327/1/272 351/1/272 350/1/272
f 327/1/273 328/1/273 352/1/273 351/1/273
f 328/1/274 329/1/274 353/1/274 352/1/274
f 329/1/275 330/1/275 354/1/275 353/1/275
f 330/1/276 331/1/276 355/1/276 354/1/276
f 331/1/277 332/1/277 356/1/277 355/1/277
f 332/1/278 333/1/278 357/1/278 356/1/278
f 333/1/279 334/1/279 358/1/279 357/1/279
f 334/1/280 335/1/280 359/1/280 358/1/280
f 335/1/281 336/1/281 360/1/281 359/1/281
f 336/1/282 337/1/282 361/1/282 360/1/282
f 337/1/283 338/1/283 362/1/283 361/1/283
f 338/1/284 339/1/284 363/1/284 362/1/284
f 339/1/285 316/1/285 340/1/285 363/1/285
f 340/1/286 341/1/286 365/1/286 364/1/286
f 341/1/287 342/1/287 366/1/287 365/1/287
f 342/1/288 343/1/288 367/1/288 366/1/288
f 343/1/289 344/1/289 368/1/289 367/1/289
f 344/1/290 345/1/290 369/1/290 368/1/290
f 345/1/291 346/1/291 370/1/291 369/1/291
f 346/1/292 347/1/292 371/1/292 370/1/292
f 347/1/293 348/1/293 372/1/293 371/1/293
f 348/1/294 349/1/294 373/1/294 372/1/294
f 349/1/295 350/1/295 374/1/295 373/1/295
f 350/1/296 351/1/296 375/1/296 374/1/296
f 351/1/297 352/1/297 376/1/297 375/1/297
f 352/1/298 353/1/298 377/1/298 376/1/298
f 353/1/299 354/1/299 378/1/299 377/1/299
f 354/1/300 355/1/300 379/1/300 378/1/300
f 355/1/301 356/1/301 380/1/301 379/1/301
f 356/1/302 357/1/302 381/1/302 380/1/302
f 357/1/303 358/1/303 382/1/303 381/1/303
f 358/1/304 359/1/304 383/1/304 382/1/304
f 359/1/305 360/1/305 384/1/305 383/1/305
f 360/1/306 361/1/306 385/1/306 384/1/306
f 361/1/307 362/1/307 386/1/307 385/1/307
f 362/1/308 363/1/308 387/1/308 386/1/308
f 363/1/309 340/1/309 364/1/309 387/1/309
f 364/1/310 365/1/310 389/1/310 388/1/310
f 365/1/311 366/1/311 390/1/311 389/1/311
f 366/1/312 367/1/312 391/1/312 390/1/312
f 367/1/313 368/1/313 392/1/313 391/1/313
f 368/1/314 369/1/314 393/1/314 392/1/314
f 369/1/315 370/1/315 394/1/315 393/1/315
f 370/1/316 371/1/316 395/1/316 394/1/316
f 371/1/317 372/1/317 396/1/317 395/1/317
f 372/1/318 373/1/318 397/1/318 396/1/318
f 373/1/319 374/1/319 398/1/319 397/1/319
f 374/1/320 375/1/320 399/1/320 398/1/320
f 375/1/321 376/1/321 400/1/321 399/1/321
f 376/1/322 377/1/322 401/1/322 400/1/322
f 377/1/323 378/1/323 402/1/323 401/1/323
f 378/1/324 379/1/324 403/1/324 402/1/324
f 379/1/325 380/1/325 404/1/325 403/1/325
f 380/1/326 381/1/326 405/1/326 404/1/326
f 381/1/327 382/1/327 406/1/327 405/1/327
f 382/1/328 383/1/328 407/1/328 406/1/328
f 383/1/329 384/1/329 408/1/329 407/1/329
f 384/1/330 385/1/330 409/1/330 408/1/330
f 385/1/331 386/1/331 410/1/331 409/1/331
f 386/1/332 387/1/332 411/1/332 410/1/332
f 387/1/333 364/1/333 388/1/333 411/1/333
f 388/1/334 389/1/334 413/1/334 412/1/334
f 389/1/335 390/1/335 414/1/335 413/1/335
f 390/1/336 391/1/336 415/1/336 414/1/336
f 391/1/337 392/1/337 416/1/337 415/1/337
f 392/1/338 393/1/338 417/1/338 416/1/338
f 393/1/339 394/1/339 418/1/339 417/1/339
f 394/1/340 395/1/340 419/1/340 418/1/340
f 395/1/341 396/1/341 420/1/341 419/1/341
f 396/1/342 397/1/342 421/1/342 420/1/342
f 397/1/343 398/1/343 422/1/343 421/1/343
f 398/1/344 399/1/344 423/1/344 422/1/344
f 399/1/345 400/1/345 424/1/345 423/1/345
f 400/1/346 401/1/346 425/1/346 424/1/346
f 401/1/347 402/1/347 426/1/347 425/1/347
f 402/1/348 403/1/348 427/1/348 426/1/348
f 403/1/349 404/1/349 428/1/349 427/1/349
f 404/1/350 405/1/350 429/1/350 428/1/350
f 405/1/351 406/1/351 430/1/351 429/1/351
f 406/1/352 407/1/352 431/1/352 430/1/352
f 407/1/353 408/1/353 432/1/353 431/1/353
f 408/1/354 409/1/354 433/1/354 432/1/354
f 409/1/355 410/1/355 434/1/355 433/1/355
f 410/1/356 411/1/356 435/1/356 434/1/356
f 411/1/357 388/1/357 412/1/357 435/1/357
f 412/1/358 413/1/358 437/1/358 436/1/358
f 413/1/359 414/1/359 438/1/359 437/1/359
f 414/1/360 415/1/360 439/1/360 438/1/360
f 415/1/361 416/1/361 440/1/361 439/1/361
f 416/1/362 417/1/362 441/1/362 440/1/362
f 417/1/363 418/1/363 442/1/363 441/1/363
f 418/1/364 419/1/364 443/1/364 442/1/364
f 419/1/365 420/1/365 444/1/365 443/1/365
f 420/1/366 421/1/366 445/1/366 444/1/366
f 421/1/367 422/1/367 446/1/367 445/1/367
f 422/1/368 423/1/368 447/1/368 446/1/368
f 423/1/369 424/1/369 448/1/369 447/1/369
f 424/1/370 425/1/370 449/1/370 448/1/370
f 425/1/371 426/1/371 450/1/371 449/1/371
f 426/1/372 427/1/372 451/1/372 450/1/372
f 427/1/373 428/1/373 452/1/373 451/1/373
f 428/1/374 429/1/374 453/1/374 452/1/374
f 429/1/375 430/1/375 454/1/375 453/1/375
f 430/1/376 431/1/376 455/1/376 454/1/376
f 431/1/377 432/1/377 456/1/377 455/1/377
f 432/1/378 433/1/378 457/1/378 456/1/378
f 433/1/379 434/1/379 458/1/379 457/1/379
f 434/1/380 435/1/380 459/1/380 458/1/380
f 435/1/381 412/1/381 436/1/381 459/1/381
f 436/1/382 437/1/382 461/1/382 460/1/382
f 437/1/383 438/1/383 462/1/383 461/1/383
f 438/1/384 439/1/384 463/1/384 462/1/384
f 439/1/385 440/1/385 464/1/385 463/1/385
f 440/1/386 441/1/386 465/1/386 464/1/386
f 441/1/387 442/1/387 466/1/387 465/1/387
f 442/1/388 443/1/388 467/1/388 466/1/388
f 443/1/389 444/1/389 468/1/389 467/1/389
f 444/1/390 445/1/390 469/1/390 468/1/390
f 445/1/391 446/1/391 470/1/391 469/1/391
f 446/1/392 447/1/392 471/1/392 470/1/392
f 447/1/393 448/1/393 472/1/393 471/1/393
f 448/1/394 449/1/394 473/1/394 472/1/394
f 449/1/395 450/1/395 474/1/395 473/1/395
f 450/1/396 451/1/396 475/1/396 474/1/396
f 451/1/397 452/1/397 476/1/397 475/1/397
f 452/1/398 453/1/398 477/1/398 476/1/398
f 453/1/399 454/1/399 478/1/399 477/1/399
f 454/1/400 455/1/400 479/1/400 478/1/400
f 455/1/401 456/1/401 480/1/401 479/1/401
f 456/1/402 457/1/402 481/1/402 480/1/402
f 457/1/403 458/1/403 482/1/403 481/1/403
f 458/1/404 459/1/404 483/1/404 482/1/404
f 459/1/405 436/1/405 460/1/405 483/1/405
f 460/1/406 461/1/406 485/1/406 484/1/406
f 461/1/407 462/1/407 486/1/407 485/1/407
f 462/1/408 463/1/408 487/1/408 486/1/408
f 463/1/409 464/1/409 488/1/409 487/1/409
f 464/1/410 465/1/410 489/1/410 488/1/410
f 465/1/411 466/1/411 490/1/411 489/1/411
f 466/1/412 467/1/412 491/1/412 490/1/412
f 467/1/413 468/1/413 492/1/413 491/1/413
f 468/1/414 469/1/414 493/1/414 492/1/414
f 469/1/415 470/1/415 494/1/415 493/1/415
f 470/1/416 471/1/416 495/1/416 494/1/416
f 471/1/417 472/1/417 496/1/417 495/1/417
f 472/1/418 473/1/418 497/1/418 496/1/418
f 473/1/419 474/1/419 498/1/419 497/1/419
f 474/1/420 475/1/420 499/1/420 498/1/420
f 475/1/421 476/1/421 500/1/421 499/1/421
f 476/1/422 477/1/422 501/1/422 500/1/422
f 477/1/423 478/1/423 502/1/423 501/1/423
f 478/1/424 479/1/424 503/1/424 502/1/424
f 479/1/425 480/1/425 504/1/425 503/1/425
f 480/1/426 481/1/426 505/1/426 504/1/426
f 481/1/427 482/1/427 506/1/427 505/1/427
f 482/1/428 483/1/428 507/1/428 506/1/428
f 483/1/429 460/1/429 484/1/429 507/1/429
f 484/1/430 485/1/430 509/1/430 508/1/430
f 485/1/431 486/1/431 510/1/431 509/1/431
f 486/1/432 487/1/432 511/1/432 510/1/432
f 487/1/433 488/1/433 512/1/433 511/1/433
f 488/1/434 489/1/434 513/1/434 512/1/434
f 489/1/435 490/1/435 514/1/435 513/1/435
f 490/1/436 491/1/436 515/1/436 514/1/436
f 491/1/437 492/1/437 516/1/437 515/1/437
f 492/1/438 493/1/438 517/1/438 516/1/438
f 493/1/439 494/1/439 518/1/439 517/1/439
f 494/1/440 495/1/440 519/1/440 518/1/440
f 495/1/441 496/1/441 520/1/441 519/1/441
f 496/1/442 497/1/442 521/1/442 520/1/442
f 497/1/443 498/1/443 522/1/443 521/1/443
f 498/1/444 499/1/444 523/1/444 522/1/444
f 499/1/445 500/1/445 524/1/445 523/1/445
f 500/1/446 501/1/446 525/1/446 524/1/446
f 501/1/447 502/1/447 526/1/447 525/1/447
f 502/1/448 503/1/448 527/1/448 526/1/448
f 503/1/449 504/1/449 528/1/449 527/1/449
f 504/1/450 505/1/450 529/1/450 528/1/450
f 505/1/451 506/1/451 530/1/451 529/1/451
f 506/1/452 507/1/452 531/1/452 530/1/452
f 507/1/453 484/1/453 508/1/453 531/1/453
f 532/1/454 509/1/454 508/1/454
f 532/1/455 510/1/455 509/1/455
f 532/1/456 511/1/456 510/1/456
f 532/1/457 512/1/457 511/1/457
f 532/1/458 513/1/458 512/1/458
f 532/1/459 514/1/459 513/1/459
f 532/1/460 515/1/460 514/1/460
f 532/1/461 516/1/461 515/1/461
f 532/1/462 517/1/462 516/1/462
f 532/1/463 518/1/463 517/1/463
f 532/1/464 519/1/464 518/1/464
f 532/1/465 520/1/465 519/1/465
f 532/1/466 521/1/466 520/1/466
f 532/1/467 522/1/467 521/1/467
f 532/1/468 523/1/468 522/1/468
f 532/1/469 524/1/469 523/1/469
f 532/1/470 525/1/470 524/1/470
f 532/1/471 526/1/471 525/1/471
f 532/1/472 527/1/472 526/1/472
f 532/1/473 528/1/473 527/1/473
f 532/1/474 529/1/474 528/1/474
f 532/1/475 530/1/475 529/1/475
f 532/1/476 531/1/476 530/1/476
f 532/1/477 508/1/477 531/1/477
f 533/1/94 534/1/94 535/1/94
f 533/1/478 535/1/478 536/1/478
f 533/1/96 536/1/96 537/1/96
f 533/1/97 537/1/97 538/1/97
f 533/1/98 538/1/98 539/1/98
f 533/1/99 539/1/99 540/1/99
f 533/1/100 540/1/100 541/1/100
f 533/1/101 541/1/101 542/1/101
f 533/1/102 542/1/102 543/1/102
f 533/1/479 543/1/479 544/1/479
f 533/1/104 544/1/104 545/1/104
f 533/1/105 545/1/105 546/1/105
f 533/1/480 546/1/480 547/1/480
f 533/1/481 547/1/481 548/1/481
f 533/1/482 548/1/482 549/1/482
f 533/1/109 549/1/109 550/1/109
f 533/1/110 550/1/110 551/1/110
f 533/1/111 551/1/111 552/1/111
f 533/1/112 552/1/112 553/1/112
f 533/1/483 553/1/483 554/1/483
f 533/1/114 554/1/114 555/1/114
f 533/1/115 555/1/115 556/1/115
f 533/1/484 556/1/484 557/1/484
f 533/1/117 557/1/117 534/1/117
f 534/1/118 535/1/118 559/1/118 558/1/118
f 535/1/119 536/1/119 560/1/119 559/1/119
f 536/1/120 537/1/120 561/1/120 560/1/120
f 537/1/485 538/1/485 562/1/485 561/1/485
f 538/1/122 539/1/122 563/1/122 562/1/122
f 539/1/123 540/1/123 564/1/123 563/1/123
f 540/1/124 541/1/124 565/1/124 564/1/124
f 541/1/125 542/1/125 566/1/125 565/1/125
f 542/1/126 543/1/126 567/1/126 566/1/126
f 543/1/127 544/1/127 568/1/127 567/1/127
f 544/1/128 545/1/128 569/1/128 568/1/128
f 545/1/129 546/1/129 570/1/129 569/1/129
f 546/1/130 547/1/130 571/1/130 570/1/130
f 547/1/131 548/1/131 572/1/131 571/1/131
f 548/1/132 549/1/132 573/1/132 572/1/132
f 549/1/133 550/1/133 574/1/133 573/1/133
f 550/1/486 551/1/486 575/1/486 574/1/486
f 551/1/135 552/1/135 576/1/135 575/1/135
f 552/1/136 553/1/136 577/1/136 576/1/136
f 553/1/487 554/1/487 578/1/487 577/1/487
f 554/1/488 555/1/488 579/1/488 578/1/488
f 555/1/139 556/1/139 580/1/139 579/1/139
f 556/1/140 557/1/140 581/1/140 580/1/140
f 557/1/141 534/1/141 558/1/141 581/1/141
f 558/1/142 559/1/142 583/1/142 582/1/142
f 559/1/143 560/1/143 584/1/143 583/1/143
f 560/1/489 561/1/489 585/1/489 584/1/489
f 561/1/490 562/1/490 586/1/490 585/1/490
f 562/1/491 563/1/491 587/1/491 586/1/491
f 563/1/492 564/1/492 588/1/492 587/1/492
f 564/1/493 565/1/493 589/1/493 588/1/493
f 565/1/494 566/1/494 590/1/494 589/1/494
f 566/1/495 567/1/495 591/1/495 590/1/495
f 567/1/151 568/1/151 592/1/151 591/1/151
f 568/1/152 569/1/152 593/1/152 592/1/152
f 569/1/496 570/1/496 594/1/496 593/1/496
f 570/1/154 571/1/154 595/1/154 594/1/154
f 571/1/155 572/1/155 596/1/155 595/1/155
f 572/1/497 573/1/497 597/1/497 596/1/497
f 573/1/157 574/1/157 598/1/157 597/1/157
f 574/1/158 575/1/158 599/1/158 598/1/158
f 575/1/498 576/1/498 600/1/498 599/1/498
f 576/1/499 577/1/499 601/1/499 600/1/499
f 577/1/500 578/1/500 602/1/500 601/1/500
f 578/1/162 579/1/162 603/1/162 602/1/162
f 579/1/501 580/1/501 604/1/501 603/1/501
f 580/1/164 581/1/164 605/1/164 604/1/164
f 581/1/165 558/1/165 582/1/165 605/1/165
f 582/1/166 583/1/166 607/1/166 606/1/166
f 583/1/502 584/1/502 608/1/502 607/1/502
f 584/1/168 585/1/168 609/1/168 608/1/168
f 585/1/503 586/1/503 610/1/503 609/1/503
f 586/1/170 587/1/170 611/1/170 610/1/170
f 587/1/504 588/1/504 612/1/504 611/1/504
f 588/1/505 589/1/505 613/1/505 612/1/505
f 589/1/506 590/1/506 614/1/506 613/1/506
f 590/1/507 591/1/507 615/1/507 614/1/507
f 591/1/175 592/1/175 616/1/175 615/1/175
f 592/1/508 593/1/508 617/1/508 616/1/508
f 593/1/509 594/1/509 618/1/509 617/1/509
f 594/1/510 595/1/510 619/1/510 618/1/510
f 595/1/179 596/1/179 620/1/179 619/1/179
f 596/1/180 597/1/180 621/1/180 620/1/180
f 597/1/511 598/1/511 622/1/511 621/1/511
f 598/1/512 599/1/512 623/1/512 622/1/512
f 599/1/513 600/1/513 624/1/513 623/1/513
f 600/1/184 601/1/184 625/1/184 624/1/184
f 601/1/514 602/1/514 626/1/514 625/1/514
f 602/1/515 603/1/515 627/1/515 626/1/515
f 603/1/516 604/1/516 628/1/516 627/1/516
f 604/1/517 605/1/517 629/1/517 628/1/517
f 605/1/518 582/1/518 606/1/518 629/1/518
f 606/1/190 607/1/190 631/1/190 630/1/190
f 607/1/519 608/1/519 632/1/519 631/1/519
f 608/1/520 609/1/520 633/1/520 632/1/520
f 609/1/521 610/1/521 634/1/521 633/1/521
f 610/1/522 611/1/522 635/1/522 634/1/522
f 611/1/523 612/1/523 636/1/523 635/1/523
f 612/1/524 613/1/524 637/1/524 636/1/524
f 613/1/525 614/1/525 638/1/525 637/1/525
f 614/1/526 615/1/526 639/1/526 638/1/526
f 615/1/199 616/1/199 640/1/199 639/1/199
f 616/1/527 617/1/527 641/1/527 640/1/527
f 617/1/528 618/1/528 642/1/528 641/1/528
f 618/1/529 619/1/529 643/1/529 642/1/529
f 619/1/530 620/1/530 644/1/530 643/1/530
f 620/1/531 621/1/531 645/1/531 644/1/531
f 621/1/532 622/1/532 646/1/532 645/1/532
f 622/1/533 623/1/533 647/1/533 646/1/533
f 623/1/534 624/1/534 648/1/534 647/1/534
f 624/1/535 625/1/535 649/1/535 648/1/535
f 625/1/536 626/1/536 650/1/536 649/1/536
f 626/1/537 627/1/537 651/1/537 650/1/537
f 627/1/538 628/1/538 652/1/538 651/1/538
f 628/1/212 629/1/212 653/1/212 652/1/212
f 629/1/539 606/1/539 630/1/539 653/1/539
f 630/1/540 631/1/540 655/1/540 654/1/540
f 631/1/541 632/1/541 656/1/541 655/1/541
f 632/1/542 633/1/542 657/1/542 656/1/542
f 633/1/543 634/1/543 658/1/543 657/1/543
f 634/1/544 635/1/544 659/1/544 658/1/544
f 635/1/219 636/1/219 660/1/219 659/1/219
f 636/1/545 637/1/545 661/1/545 660/1/545
f 637/1/546 638/1/546 662/1/546 661/1/546
f 638/1/547 639/1/547 663/1/547 662/1/547
f 639/1/223 640/1/223 664/1/223 663/1/223
f 640/1/548 641/1/548 665/1/548 664/1/548
f 641/1/225 642/1/225 666/1/225 665/1/225
f 642/1/226 643/1/226 667/1/226 666/1/226
f 643/1/227 644/1/227 668/1/227 667/1/227
f 644/1/228 645/1/228 669/1/228 668/1/228
f 645/1/549 646/1/549 670/1/549 669/1/549
f 646/1/550 647/1/550 671/1/550 670/1/550
f 647/1/231 648/1/231 672/1/231 671/1/231
f 648/1/232 649/1/232 673/1/232 672/1/232
f 649/1/551 650/1/551 674/1/551 673/1/551
f 650/1/552 651/1/552 675/1/552 674/1/552
f 651/1/553 652/1/553 676/1/553 675/1/553
f 652/1/554 653/1/554 677/1/554 676/1/554
f 653/1/555 630/1/555 654/1/555 677/1/555
f 654/2/556 655/2/556 679/2/556 678/2/556
f 655/1/557 656/1/557 680/1/557 679/1/557
f 656/1/558 657/1/558 681/1/558 680/1/558
f 657/1/241 658/1/241 682/1/241 681/1/241
f 658/1/559 659/1/559 683/1/559 682/1/559
f 659/1/560 660/1/560 684/1/560 683/1/560
f 660/1/561 661/1/561 685/1/561 684/1/561
f 661/1/562 662/1/562 686/1/562 685/1/562
f 662/1/563 663/1/563 687/1/563 686/1/563
f 663/1/564 664/1/564 688/1/564 687/1/564
f 664/1/248 665/1/248 689/1/248 688/1/248
f 665/1/565 666/1/565 690/1/565 689/1/565
f 666/1/566 667/1/566 691/1/566 690/1/566
f 667/1/567 668/1/567 692/1/567 691/1/567
f 668/1/568 669/1/568 693/1/568 692/1/568
f 669/1/569 670/1/569 694/1/569 693/1/569
f 670/1/570 671/1/570 695/1/570 694/1/570
f 671/1/571 672/1/571 696/1/571 695/1/571
f 672/1/572 673/1/572 697/1/572 696/1/572
f 673/1/573 674/1/573 698/1/573 697/1/573
f 674/1/574 675/1/574 699/1/574 698/1/574
f 675/1/575 676/1/575 700/1/575 699/1/575
f 676/1/576 677/1/576 701/1/576 700/1/576
f 677/2/577 654/2/577 678/2/577 701/2/577
f 678/2/578 679/2/578 703/2/578 702/2/578
f 679/2/263 680/2/263 704/2/263 703/2/263
f 680/1/264 681/1/264 705/1/264 704/1/264
f 681/1/265 682/1/265 706/1/265 705/1/265
f 682/1/579 683/1/579 707/1/579 706/1/579
f 683/1/267 684/1/267 708/1/267 707/1/267
f 684/1/268 685/1/268 709/1/268 708/1/268
f 685/1/580 686/1/580 710/1/580 709/1/580
f 686/1/270 687/1/270 711/1/270 710/1/270
f 687/1/581 688/1/581 712/1/581 711/1/581
f 688/1/582 689/1/582 713/1/582 712/1/582
f 689/1/583 690/1/583 714/1/583 713/1/583
f 690/1/584 691/1/584 715/1/584 714/1/584
f 691/1/585 692/1/585 716/1/585 715/1/585
f 692/1/586 693/1/586 717/1/586 716/1/586
f 693/1/277 694/1/277 718/1/277 717/1/277
f 694/1/278 695/1/278 719/1/278 718/1/278
f 695/1/587 696/1/587 720/1/587 719/1/587
f 696/1/588 697/1/588 721/1/588 720/1/588
f 697/1/281 698/1/281 722/1/281 721/1/281
f 698/1/589 699/1/589 723/1/589 722/1/589
f 699/1/590 700/1/590 724/1/590 723/1/590
f 700/2/284 701/2/284 725/2/284 724/2/284
f 701/2/591 678/2/591 702/2/591 725/2/591
f 702/2/592 703/2/592 727/2/592 726/2/592
f 703/2/287 704/2/287 728/2/287 727/2/287
f 704/1/593 705/1/593 729/1/593 728/1/593
f 705/1/594 706/1/594 730/1/594 729/1/594
f 706/1/290 707/1/290 731/1/290 730/1/290
f 707/1/595 708/1/595 732/1/595 731/1/595
f 708/1/596 709/1/596 733/1/596 732/1/596
f 709/1/293 710/1/293 734/1/293 733/1/293
f 710/1/294 711/1/294 735/1/294 734/1/294
f 711/1/597 712/1/597 736/1/597 735/1/597
f 712/1/598 713/1/598 737/1/598 736/1/598
f 713/1/599 714/1/599 738/1/599 737/1/599
f 714/1/600 715/1/600 739/1/600 738/1/600
f 715/1/601 716/1/601 740/1/601 739/1/601
f 716/1/602 717/1/602 741/1/602 740/1/602
f 717/1/301 718/1/301 742/1/301 741/1/301
f 718/1/603 719/1/603 743/1/603 742/1/603
f 719/1/303 720/1/303 744/1/303 743/1/303
f 720/1/304 721/1/304 745/1/304 744/1/304
f 721/1/604 722/1/604 746/1/604 745/1/604
f 722/1/306 723/1/306 747/1/306 746/1/306
f 723/1/307 724/1/307 748/1/307 747/1/307
f 724/2/308 725/2/308 749/2/308 748/2/308
f 725/2/605 702/2/605 726/2/605 749/2/605
f 726/2/606 727/2/606 751/2/606 750/2/606
f 727/2/607 728/2/607 752/2/607 751/2/607
f 728/2/608 729/2/608 753/2/608 752/2/608
f 729/1/313 730/1/313 754/1/313 753/1/313
f 730/1/609 731/1/609 755/1/609 754/1/609
f 731/1/610 732/1/610 756/1/610 755/1/610
f 732/1/611 733/1/611 757/1/611 756/1/611
f 733/1/612 734/1/612 758/1/612 757/1/612
f 734/1/613 735/1/613 759/1/613 758/1/613
f 735/1/614 736/1/614 760/1/614 759/1/614
f 736/1/615 737/1/615 761/1/615 760/1/615
f 737/1/616 738/1/616 762/1/616 761/1/616
f 738/1/617 739/1/617 763/1/617 762/1/617
f 739/1/618 740/1/618 764/1/618 763/1/618
f 740/1/619 741/1/619 765/1/619 764/1/619
f 741/1/620 742/1/620 766/1/620 765/1/620
f 742/1/326 743/1/326 767/1/326 766/1/326
f 743/1/621 744/1/621 768/1/621 767/1/621
f 744/1/622 745/1/622 769/1/622 768/1/622
f 745/1/329 746/1/329 770/1/329 769/1/329
f 746/1/330 747/1/330 771/1/330 770/1/330
f 747/2/623 748/2/623 772/2/623 771/2/623
f 748/2/624 749/2/624 773/2/624 772/2/624
f 749/2/625 726/2/625 750/2/625 773/2/625
f 750/2/626 751/2/626 775/2/626 774/2/626
f 751/2/627 752/2/627 776/2/627 775/2/627
f 752/2/628 753/2/628 777/2/628 776/2/628
f 753/1/629 754/1/629 778/1/629 777/1/629
f 754/1/338 755/1/338 779/1/338 778/1/338
f 755/1/630 756/1/630 780/1/630 779/1/630
f 756/1/631 757/1/631 781/1/631 780/1/631
f 757/1/341 758/1/341 782/1/341 781/1/341
f 758/1/632 759/1/632 783/1/632 782/1/632
f 759/1/343 760/1/343 784/1/343 783/1/343
f 760/1/344 761/1/344 785/1/344 784/1/344
f 761/1/633 762/1/633 786/1/633 785/1/633
f 762/1/634 763/1/634 787/1/634 786/1/634
f 763/1/347 764/1/347 788/1/347 787/1/347
f 764/1/635 765/1/635 789/1/635 788/1/635
f 765/1/349 766/1/349 790/1/349 789/1/349
f 766/1/636 767/1/636 791/1/636 790/1/636
f 767/1/637 768/1/637 792/1/637 791/1/637
f 768/1/352 769/1/352 793/1/352 792/1/352
f 769/1/353 770/1/353 794/1/353 793/1/353
f 770/1/638 771/1/638 795/1/638 794/1/638
f 771/2/639 772/2/639 796/2/639 795/2/639
f 772/2/640 773/2/640 797/2/640 796/2/640
f 773/2/641 750/2/641 774/2/641 797/2/641
f 774/2/642 775/2/642 799/2/642 798/2/642
f 775/2/359 776/2/359 800/2/359 799/2/359
f 776/1/643 777/1/643 801/1/643 800/1/643
f 777/1/644 778/1/644 802/1/644 801/1/644
f 778/1/362 779/1/362 803/1/362 802/1/362
f 779/1/645 780/1/645 804/1/645 803/1/645
f 780/1/646 781/1/646 805/1/646 804/1/646
f 781/1/647 782/1/647 806/1/647 805/1/647
f 782/1/648 783/1/648 807/1/648 806/1/648
f 783/1/367 784/1/367 808/1/367 807/1/367
f 784/1/649 785/1/649 809/1/649 808/1/649
f 785/1/369 786/1/369 810/1/369 809/1/369
f 786/1/650 787/1/650 811/1/650 810/1/650
f 787/1/651 788/1/651 812/1/651 811/1/651
f 788/1/652 789/1/652 813/1/652 812/1/652
f 789/1/373 790/1/373 814/1/373 813/1/373
f 790/1/653 791/1/653 815/1/653 814/1/653
f 791/1/654 792/1/654 816/1/654 815/1/654
f 792/1/655 793/1/655 817/1/655 816/1/655
f 793/1/656 794/1/656 818/1/656 817/1/656
f 794/1/378 795/1/378 819/1/378 818/1/378
f 795/1/657 796/1/657 820/1/657 819/1/657
f 796/2/658 797/2/658 821/2/658 820/2/658
f 797/2/659 774/2/659 798/2/659 821/2/659
f 798/2/660 799/2/660 823/2/660 822/2/660
f 799/2/661 800/2/661 824/2/661 823/2/661
f 800/1/662 801/1/662 825/1/662 824/1/662
f 801/1/663 802/1/663 826/1/663 825/1/663
f 802/1/386 803/1/386 827/1/386 826/1/386
f 803/1/664 804/1/664 828/1/664 827/1/664
f 804/1/665 805/1/665 829/1/665 828/1/665
f 805/1/389 806/1/389 830/1/389 829/1/389
f 806/1/666 807/1/666 831/1/666 830/1/666
f 807/1/667 808/1/667 832/1/667 831/1/667
f 808/1/668 809/1/668 833/1/668 832/1/668
f 809/1/669 810/1/669 834/1/669 833/1/669
f 810/1/394 811/1/394 835/1/394 834/1/394
f 811/1/670 812/1/670 836/1/670 835/1/670
f 812/1/671 813/1/671 837/1/671 836/1/671
f 813/1/672 814/1/672 838/1/672 837/1/672
f 814/1/398 815/1/398 839/1/398 838/1/398
f 815/1/673 816/1/673 840/1/673 839/1/673
f 816/1/674 817/1/674 841/1/674 840/1/674
f 817/1/675 818/1/675 842/1/675 841/1/675
f 818/1/676 819/1/676 843/1/676 842/1/676
f 819/1/677 820/1/677 844/1/677 843/1/677
f 820/2/404 821/2/404 845/2/404 844/2/404
f 821/2/678 798/2/678 822/2/678 845/2/678
f 822/1/679 823/1/679 847/1/679 846/1/679
f 823/1/680 824/1/680 848/1/680 847/1/680
f 824/1/681 825/1/681 849/1/681 848/1/681
f 825/1/409 826/1/409 850/1/409 849/1/409
f 826/1/682 827/1/682 851/1/682 850/1/682
f 827/1/683 828/1/683 852/1/683 851/1/683
f 828/1/684 829/1/684 853/1/684 852/1/684
f 829/1/685 830/1/685 854/1/685 853/1/685
f 830/1/414 831/1/414 855/1/414 854/1/414
f 831/1/415 832/1/415 856/1/415 855/1/415
f 832/1/686 833/1/686 857/1/686 856/1/686
f 833/1/687 834/1/687 858/1/687 857/1/687
f 834/1/688 835/1/688 859/1/688 858/1/688
f 835/1/689 836/1/689 860/1/689 859/1/689
f 836/1/690 837/1/690 861/1/690 860/1/690
f 837/1/421 838/1/421 862/1/421 861/1/421
f 838/1/422 839/1/422 863/1/422 862/1/422
f 839/1/691 840/1/691 864/1/691 863/1/691
f 840/1/692 841/1/692 865/1/692 864/1/692
f 841/1/693 842/1/693 866/1/693 865/1/693
f 842/1/426 843/1/426 867/1/426 866/1/426
f 843/1/694 844/1/694 868/1/694 867/1/694
f 844/1/695 845/1/695 869/1/695 868/1/695
f 845/1/696 822/1/696 846/1/696 869/1/696
f 846/1/430 847/1/430 871/1/430 870/1/430
f 847/1/431 848/1/431 872/1/431 871/1/431
f 848/1/432 849/1/432 873/1/432 872/1/432
f 849/1/697 850/1/697 874/1/697 873/1/697
f 850/1/698 851/1/698 875/1/698 874/1/698
f 851/1/435 852/1/435 876/1/435 875/1/435
f 852/1/436 853/1/436 877/1/436 876/1/436
f 853/1/699 854/1/699 878/1/699 877/1/699
f 854/1/438 855/1/438 879/1/438 878/1/438
f 855/1/439 856/1/439 880/1/439 879/1/439
f 856/1/440 857/1/440 881/1/440 880/1/440
f 857/1/441 858/1/441 882/1/441 881/1/441
f 858/1/442 859/1/442 883/1/442 882/1/442
f 859/1/443 860/1/443 884/1/443 883/1/443
f 860/1/444 861/1/444 885/1/444 884/1/444
f 861/1/445 862/1/445 886/1/445 885/1/445
f 862/1/446 863/1/446 887/1/446 886/1/446
f 863/1/447 864/1/447 888/1/447 887/1/447
f 864/1/448 865/1/448 889/1/448 888/1/448
f 865/1/449 866/1/449 890/1/449 889/1/449
f 866/1/700 867/1/700 891/1/700 890/1/700
f 867/1/451 868/1/451 892/1/451 891/1/451
f 868/1/452 869/1/452 893/1/452 892/1/452
f 869/1/453 846/1/453 870/1/453 893/1/453
f 894/1/454 871/1/454 870/1/454
f 894/1/701 872/1/701 871/1/701
f 894/1/456 873/1/456 872/1/456
f 894/1/457 874/1/457 873/1/457
f 894/1/702 875/1/702 874/1/702
f 894/2/459 876/2/459 875/2/459
f 894/1/460 877/1/460 876/1/460
f 894/1/461 878/1/461 877/1/461
f 894/1/462 879/1/462 878/1/462
f 894/1/703 880/1/703 879/1/703
f 894/1/704 881/1/704 880/1/704
f 894/2/705 882/2/705 881/2/705
f 894/1/466 883/1/466 882/1/466
f 894/1/467 884/1/467 883/1/467
f 894/1/706 885/1/706 884/1/706
f 894/1/469 886/1/469 885/1/469
f 894/1/470 887/1/470 886/1/470
f 894/1/471 888/1/471 887/1/471
f 894/2/472 889/2/472 888/2/472
f 894/1/473 890/1/473 889/1/473
f 894/1/474 891/1/474 890/1/474
f 894/1/475 892/1/475 891/1/475
f 894/1/707 893/1/707 892/1/707
f 894/1/477 870/1/477 893/1/477
f 895/1/94 896/1/94 897/1/94
f 895/1/95 897/1/95 898/1/95
f 895/1/708 898/1/708 899/1/708
f 895/1/97 899/1/97 900/1/97
f 895/1/98 900/1/98 901/1/98
f 895/1/99 901/1/99 902/1/99
f 895/1/100 902/1/100 903/1/100
f 895/1/101 903/1/101 904/1/101
f 895/1/102 904/1/102 905/1/102
f 895/1/103 905/1/103 906/1/103
f 895/1/709 906/1/709 907/1/709
f 895/2/105 907/2/105 908/2/105
f 895/1/480 908/1/480 909/1/480
f 895/1/710 909/1/710 910/1/710
f 895/1/108 910/1/108 911/1/108
f 895/1/109 911/1/109 912/1/109
f 895/1/711 912/1/711 913/1/711
f 895/1/111 913/1/111 914/1/111
f 895/1/112 914/1/112 915/1/112
f 895/1/113 915/1/113 916/1/113
f 895/1/114 916/1/114 917/1/114
f 895/1/712 917/1/712 918/1/712
f 895/1/713 918/1/713 919/1/713
f 895/1/117 919/1/117 896/1/117
f 896/1/118 897/1/118 921/1/118 920/1/118
f 897/1/119 898/1/119 922/1/119 921/1/119
f 898/1/120 899/1/120 923/1/120 922/1/120
f 899/1/121 900/1/121 924/1/121 923/1/121
f 900/1/122 901/1/122 925/1/122 924/1/122
f 901/1/123 902/1/123 926/1/123 925/1/123
f 902/1/124 903/1/124 927/1/124 926/1/124
f 903/1/125 904/1/125 928/1/125 927/1/125
f 904/1/714 905/1/714 929/1/714 928/1/714
f 905/1/127 906/1/127 930/1/127 929/1/127
f 906/1/128 907/1/128 931/1/128 930/1/128
f 907/1/129 908/1/129 932/1/129 931/1/129
f 908/1/130 909/1/130 933/1/130 932/1/130
f 909/1/131 910/1/131 934/1/131 933/1/131
f 910/1/132 911/1/132 935/1/132 934/1/132
f 911/1/715 912/1/715 936/1/715 935/1/715
f 912/1/486 913/1/486 937/1/486 936/1/486
f 913/1/135 914/1/135 938/1/135 937/1/135
f 914/1/136 915/1/136 939/1/136 938/1/136
f 915/1/487 916/1/487 940/1/487 939/1/487
f 916/1/716 917/1/716 941/1/716 940/1/716
f 917/1/139 918/1/139 942/1/139 941/1/139
f 918/1/140 919/1/140 943/1/140 942/1/140
f 919/1/141 896/1/141 920/1/141 943/1/141
f 920/1/717 921/1/717 945/1/717 944/1/717
f 921/1/143 922/1/143 946/1/143 945/1/143
f 922/1/144 923/1/144 947/1/144 946/1/144
f 923/1/490 924/1/490 948/1/490 947/1/490
f 924/1/718 925/1/718 949/1/718 948/1/718
f 925/1/492 926/1/492 950/1/492 949/1/492
f 926/1/493 927/1/493 951/1/493 950/1/493
f 927/1/719 928/1/719 952/1/719 951/1/719
f 928/1/495 929/1/495 953/1/495 952/1/495
f 929/1/720 930/1/720 954/1/720 953/1/720
f 930/1/152 931/1/152 955/1/152 954/1/152
f 931/2/153 932/2/153 956/2/153 955/2/153
f 932/2/721 933/2/721 957/2/721 956/2/721
f 933/1/722 934/1/722 958/1/722 957/1/722
f 934/1/723 935/1/723 959/1/723 958/1/723
f 935/1/157 936/1/157 960/1/157 959/1/157
f 936/1/724 937/1/724 961/1/724 960/1/724
f 937/1/498 938/1/498 962/1/498 961/1/498
f 938/1/499 939/1/499 963/1/499 962/1/499
f 939/1/161 940/1/161 964/1/161 963/1/161
f 940/1/162 941/1/162 965/1/162 964/1/162
f 941/1/725 942/1/725 966/1/725 965/1/725
f 942/1/726 943/1/726 967/1/726 966/1/726
f 943/1/727 920/1/727 944/1/727 967/1/727
f 944/1/728 945/1/728 969/1/728 968/1/728
f 945/1/729 946/1/729 970/1/729 969/1/729
f 946/1/730 947/1/730 971/1/730 970/1/730
f 947/1/731 948/1/731 972/1/731 971/1/731
f 948/1/170 949/1/170 973/1/170 972/1/170
f 949/1/732 950/1/732 974/1/732 973/1/732
f 950/1/733 951/1/733 975/1/733 974/1/733
f 951/1/734 952/1/734 976/1/734 975/1/734
f 952/1/735 953/1/735 977/1/735 976/1/735
f 953/1/736 954/1/736 978/1/736 977/1/736
f 954/2/176 955/2/176 979/2/176 978/2/176
f 955/2/177 956/2/177 980/2/177 979/2/177
f 956/2/737 957/2/737 981/2/737 980/2/737
f 957/2/179 958/2/179 982/2/179 981/2/179
f 958/2/738 959/2/738 983/2/738 982/2/738
f 959/1/739 960/1/739 984/1/739 983/1/739
f 960/1/182 961/1/182 985/1/182 984/1/182
f 961/1/740 962/1/740 986/1/740 985/1/740
f 962/1/741 963/1/741 987/1/741 986/1/741
f 963/1/185 964/1/185 988/1/185 987/1/185
f 964/1/742 965/1/742 989/1/742 988/1/742
f 965/1/743 966/1/743 990/1/743 989/1/743
f 966/1/744 967/1/744 991/1/744 990/1/744
f 967/1/745 944/1/745 968/1/745 991/1/745
f 968/1/746 969/1/746 993/1/746 992/1/746
f 969/1/747 970/1/747 994/1/747 993/1/747
f 970/1/192 971/1/192 995/1/192 994/1/192
f 971/1/521 972/1/521 996/1/521 995/1/521
f 972/1/522 973/1/522 997/1/522 996/1/522
f 973/1/523 974/1/523 998/1/523 997/1/523
f 974/1/524 975/1/524 999/1/524 998/1/524
f 975/1/525 976/1/525 1000/1/525 999/1/525
f 976/1/526 977/1/526 1001/1/526 1000/1/526
f 977/1/748 978/1/748 1002/1/748 1001/1/748
f 978/2/749 979/2/749 1003/2/749 1002/2/749
f 979/2/201 980/2/201 1004/2/201 1003/2/201
f 980/2/202 981/2/202 1005/2/202 1004/2/202
f 981/2/750 982/2/750 1006/2/750 1005/2/750
f 982/2/751 983/2/751 1007/2/751 1006/2/751
f 983/1/752 984/1/752 1008/1/752 1007/1/752
f 984/1/533 985/1/533 1009/1/533 1008/1/533
f 985/1/534 986/1/534 1010/1/534 1009/1/534
f 986/1/535 987/1/535 1011/1/535 1010/1/535
f 987/1/536 988/1/536 1012/1/536 1011/1/536
f 988/1/753 989/1/753 1013/1/753 1012/1/753
f 989/1/754 990/1/754 1014/1/754 1013/1/754
f 990/1/755 991/1/755 1015/1/755 1014/1/755
f 991/1/756 968/1/756 992/1/756 1015/1/756
f 992/1/214 993/1/214 1017/1/214 1016/1/214
f 993/1/757 994/1/757 1018/1/757 1017/1/757
f 994/1/542 995/1/542 1019/1/542 1018/1/542
f 995/1/543 996/1/543 1020/1/543 1019/1/543
f 996/1/218 997/1/218 1021/1/218 1020/1/218
f 997/1/758 998/1/758 1022/1/758 1021/1/758
f 998/1/759 999/1/759 1023/1/759 1022/1/759
f 999/1/760 1000/1/760 1024/1/760 1023/1/760
f 1000/1/761 1001/1/761 1025/1/761 1024/1/761
f 1001/2/762 1002/2/762 1026/2/762 1025/2/762
f 1002/2/763 1003/2/763 1027/2/763 1026/2/763
f 1003/2/764 1004/2/764 1028/2/764 1027/2/764
f 1004/2/765 1005/2/765 1029/2/765 1028/2/765
f 1005/2/766 1006/2/766 1030/2/766 1029/2/766
f 1006/2/767 1007/2/767 1031/2/767 1030/2/767
f 1007/1/768 1008/1/768 1032/1/768 1031/1/768
f 1008/1/230 1009/1/230 1033/1/230 1032/1/230
f 1009/1/231 1010/1/231 1034/1/231 1033/1/231
f 1010/1/232 1011/1/232 1035/1/232 1034/1/232
f 1011/1/233 1012/1/233 1036/1/233 1035/1/233
f 1012/1/769 1013/1/769 1037/1/769 1036/1/769
f 1013/1/235 1014/1/235 1038/1/235 1037/1/235
f 1014/1/554 1015/1/554 1039/1/554 1038/1/554
f 1015/1/237 992/1/237 1016/1/237 1039/1/237
f 1016/1/770 1017/1/770 1041/1/770 1040/1/770
f 1017/1/771 1018/1/771 1042/1/771 1041/1/771
f 1018/1/772 1019/1/772 1043/1/772 1042/1/772
f 1019/1/241 1020/1/241 1044/1/241 1043/1/241
f 1020/1/559 1021/1/559 1045/1/559 1044/1/559
f 1021/1/560 1022/1/560 1046/1/560 1045/1/560
f 1022/1/561 1023/1/561 1047/1/561 1046/1/561
f 1023/1/562 1024/1/562 1048/1/562 1047/1/562
f 1024/1/563 1025/1/563 1049/1/563 1048/1/563
f 1025/2/564 1026/2/564 1050/2/564 1049/2/564
f 1026/2/773 1027/2/773 1051/2/773 1050/2/773
f 1027/2/249 1028/2/249 1052/2/249 1051/2/249
f 1028/2/774 1029/2/774 1053/2/774 1052/2/774
f 1029/2/775 1030/2/775 1054/2/775 1053/2/775
f 1030/2/568 1031/2/568 1055/2/568 1054/2/568
f 1031/1/776 1032/1/776 1056/1/776 1055/1/776
f 1032/1/570 1033/1/570 1057/1/570 1056/1/570
f 1033/1/571 1034/1/571 1058/1/571 1057/1/571
f 1034/1/572 1035/1/572 1059/1/572 1058/1/572
f 1035/1/573 1036/1/573 1060/1/573 1059/1/573
f 1036/1/258 1037/1/258 1061/1/258 1060/1/258
f 1037/1/575 1038/1/575 1062/1/575 1061/1/575
f 1038/1/777 1039/1/777 1063/1/777 1062/1/777
f 1039/1/778 1016/1/778 1040/1/778 1063/1/778
f 1040/1/779 1041/1/779 1065/1/779 1064/1/779
f 1041/1/780 1042/1/780 1066/1/780 1065/1/780
f 1042/1/781 1043/1/781 1067/1/781 1066/1/781
f 1043/1/265 1044/1/265 1068/1/265 1067/1/265
f 1044/1/266 1045/1/266 1069/1/266 1068/1/266
f 1045/1/267 1046/1/267 1070/1/267 1069/1/267
f 1046/1/268 1047/1/268 1071/1/268 1070/1/268
f 1047/1/269 1048/1/269 1072/1/269 1071/1/269
f 1048/1/270 1049/1/270 1073/1/270 1072/1/270
f 1049/1/782 1050/1/782 1074/1/782 1073/1/782
f 1050/2/783 1051/2/783 1075/2/783 1074/2/783
f 1051/2/273 1052/2/273 1076/2/273 1075/2/273
f 1052/2/784 1053/2/784 1077/2/784 1076/2/784
f 1053/2/275 1054/2/275 1078/2/275 1077/2/275
f 1054/1/785 1055/1/785 1079/1/785 1078/1/785
f 1055/1/786 1056/1/786 1080/1/786 1079/1/786
f 1056/1/278 1057/1/278 1081/1/278 1080/1/278
f 1057/1/587 1058/1/587 1082/1/587 1081/1/587
f 1058/1/588 1059/1/588 1083/1/588 1082/1/588
f 1059/1/281 1060/1/281 1084/1/281 1083/1/281
f 1060/1/282 1061/1/282 1085/1/282 1084/1/282
f 1061/1/283 1062/1/283 1086/1/283 1085/1/283
f 1062/1/787 1063/1/787 1087/1/787 1086/1/787
f 1063/1/788 1040/1/788 1064/1/788 1087/1/788
f 1064/1/789 1065/1/789 1089/1/789 1088/1/789
f 1065/1/790 1066/1/790 1090/1/790 1089/1/790
f 1066/1/288 1067/1/288 1091/1/288 1090/1/288
f 1067/1/289 1068/1/289 1092/1/289 1091/1/289
f 1068/1/290 1069/1/290 1093/1/290 1092/1/290
f 1069/1/595 1070/1/595 1094/1/595 1093/1/595
f 1070/1/596 1071/1/596 1095/1/596 1094/1/596
f 1071/1/293 1072/1/293 1096/1/293 1095/1/293
f 1072/1/791 1073/1/791 1097/1/791 1096/1/791
f 1073/1/792 1074/1/792 1098/1/792 1097/1/792
f 1074/2/296 1075/2/296 1099/2/296 1098/2/296
f 1075/2/793 1076/2/793 1100/2/793 1099/2/793
f 1076/2/298 1077/2/298 1101/2/298 1100/2/298
f 1077/2/794 1078/2/794 1102/2/794 1101/2/794
f 1078/1/795 1079/1/795 1103/1/795 1102/1/795
f 1079/1/301 1080/1/301 1104/1/301 1103/1/301
f 1080/1/302 1081/1/302 1105/1/302 1104/1/302
f 1081/1/303 1082/1/303 1106/1/303 1105/1/303
f 1082/1/304 1083/1/304 1107/1/304 1106/1/304
f 1083/1/305 1084/1/305 1108/1/305 1107/1/305
f 1084/1/306 1085/1/306 1109/1/306 1108/1/306
f 1085/1/796 1086/1/796 1110/1/796 1109/1/796
f 1086/1/797 1087/1/797 1111/1/797 1110/1/797
f 1087/1/798 1064/1/798 1088/1/798 1111/1/798
f 1088/1/799 1089/1/799 1113/1/799 1112/1/799
f 1089/1/800 1090/1/800 1114/1/800 1113/1/800
f 1090/1/608 1091/1/608 1115/1/608 1114/1/608
f 1091/1/801 1092/1/801 1116/1/801 1115/1/801
f 1092/1/609 1093/1/609 1117/1/609 1116/1/609
f 1093/1/610 1094/1/610 1118/1/610 1117/1/610
f 1094/1/611 1095/1/611 1119/1/611 1118/1/611
f 1095/1/612 1096/1/612 1120/1/612 1119/1/612
f 1096/1/802 1097/1/802 1121/1/802 1120/1/802
f 1097/1/614 1098/1/614 1122/1/614 1121/1/614
f 1098/1/803 1099/1/803 1123/1/803 1122/1/803
f 1099/2/804 1100/2/804 1124/2/804 1123/2/804
f 1100/2/322 1101/2/322 1125/2/322 1124/2/322
f 1101/1/805 1102/1/805 1126/1/805 1125/1/805
f 1102/1/806 1103/1/806 1127/1/806 1126/1/806
f 1103/1/620 1104/1/620 1128/1/620 1127/1/620
f 1104/1/326 1105/1/326 1129/1/326 1128/1/326
f 1105/1/621 1106/1/621 1130/1/621 1129/1/621
f 1106/1/622 1107/1/622 1131/1/622 1130/1/622
f 1107/1/329 1108/1/329 1132/1/329 1131/1/329
f 1108/1/330 1109/1/330 1133/1/330 1132/1/330
f 1109/1/807 1110/1/807 1134/1/807 1133/1/807
f 1110/1/808 1111/1/808 1135/1/808 1134/1/808
f 1111/1/809 1088/1/809 1112/1/809 1135/1/809
f 1112/1/810 1113/1/810 1137/1/810 1136/1/810
f 1113/1/811 1114/1/811 1138/1/811 1137/1/811
f 1114/1/336 1115/1/336 1139/1/336 1138/1/336
f 1115/1/812 1116/1/812 1140/1/812 1139/1/812
f 1116/1/813 1117/1/813 1141/1/813 1140/1/813
f 1117/1/630 1118/1/630 1142/1/630 1141/1/630
f 1118/1/631 1119/1/631 1143/1/631 1142/1/631
f 1119/1/814 1120/1/814 1144/1/814 1143/1/814
f 1120/1/342 1121/1/342 1145/1/342 1144/1/342
f 1121/1/815 1122/1/815 1146/1/815 1145/1/815
f 1122/1/344 1123/1/344 1147/1/344 1146/1/344
f 1123/1/633 1124/1/633 1148/1/633 1147/1/633
f 1124/1/816 1125/1/816 1149/1/816 1148/1/816
f 1125/1/817 1126/1/817 1150/1/817 1149/1/817
f 1126/1/635 1127/1/635 1151/1/635 1150/1/635
f 1127/1/349 1128/1/349 1152/1/349 1151/1/349
f 1128/1/818 1129/1/818 1153/1/818 1152/1/818
f 1129/1/819 1130/1/819 1154/1/819 1153/1/819
f 1130/1/820 1131/1/820 1155/1/820 1154/1/820
f 1131/1/821 1132/1/821 1156/1/821 1155/1/821
f 1132/1/822 1133/1/822 1157/1/822 1156/1/822
f 1133/1/355 1134/1/355 1158/1/355 1157/1/355
f 1134/1/823 1135/1/823 1159/1/823 1158/1/823
f 1135/1/824 1112/1/824 1136/1/824 1159/1/824
f 1136/1/825 1137/1/825 1161/1/825 1160/1/825
f 1137/1/826 1138/1/826 1162/1/826 1161/1/826
f 1138/1/360 1139/1/360 1163/1/360 1162/1/360
f 1139/1/827 1140/1/827 1164/1/827 1163/1/827
f 1140/1/362 1141/1/362 1165/1/362 1164/1/362
f 1141/1/645 1142/1/645 1166/1/645 1165/1/645
f 1142/1/646 1143/1/646 1167/1/646 1166/1/646
f 1143/1/647 1144/1/647 1168/1/647 1167/1/647
f 1144/1/828 1145/1/828 1169/1/828 1168/1/828
f 1145/1/829 1146/1/829 1170/1/829 1169/1/829
f 1146/1/368 1147/1/368 1171/1/368 1170/1/368
f 1147/1/830 1148/1/830 1172/1/830 1171/1/830
f 1148/1/831 1149/1/831 1173/1/831 1172/1/831
f 1149/1/832 1150/1/832 1174/1/832 1173/1/832
f 1150/1/833 1151/1/833 1175/1/833 1174/1/833
f 1151/1/373 1152/1/373 1176/1/373 1175/1/373
f 1152/1/653 1153/1/653 1177/1/653 1176/1/653
f 1153/1/654 1154/1/654 1178/1/654 1177/1/654
f 1154/1/655 1155/1/655 1179/1/655 1178/1/655
f 1155/1/656 1156/1/656 1180/1/656 1179/1/656
f 1156/1/378 1157/1/378 1181/1/378 1180/1/378
f 1157/1/834 1158/1/834 1182/1/834 1181/1/834
f 1158/1/835 1159/1/835 1183/1/835 1182/1/835
f 1159/1/836 1136/1/836 1160/1/836 1183/1/836
f 1160/1/837 1161/1/837 1185/1/837 1184/1/837
f 1161/1/661 1162/1/661 1186/1/661 1185/1/661
f 1162/1/384 1163/1/384 1187/1/384 1186/1/384
f 1163/1/838 1164/1/838 1188/1/838 1187/1/838
f 1164/1/839 1165/1/839 1189/1/839 1188/1/839
f 1165/1/840 1166/1/840 1190/1/840 1189/1/840
f 1166/1/388 1167/1/388 1191/1/388 1190/1/388
f 1167/1/841 1168/1/841 1192/1/841 1191/1/841
f 1168/1/842 1169/1/842 1193/1/842 1192/1/842
f 1169/1/843 1170/1/843 1194/1/843 1193/1/843
f 1170/1/844 1171/1/844 1195/1/844 1194/1/844
f 1171/1/845 1172/1/845 1196/1/845 1195/1/845
f 1172/1/846 1173/1/846 1197/1/846 1196/1/846
f 1173/1/847 1174/1/847 1198/1/847 1197/1/847
f 1174/1/396 1175/1/396 1199/1/396 1198/1/396
f 1175/1/848 1176/1/848 1200/1/848 1199/1/848
f 1176/1/398 1177/1/398 1201/1/398 1200/1/398
f 1177/1/849 1178/1/849 1202/1/849 1201/1/849
f 1178/1/850 1179/1/850 1203/1/850 1202/1/850
f 1179/1/851 1180/1/851 1204/1/851 1203/1/851
f 1180/1/852 1181/1/852 1205/1/852 1204/1/852
f 1181/1/403 1182/1/403 1206/1/403 1205/1/403
f 1182/1/853 1183/1/853 1207/1/853 1206/1/853
f 1183/1/405 1160/1/405 1184/1/405 1207/1/405
f 1184/1/854 1185/1/854 1209/1/854 1208/1/854
f 1185/1/855 1186/1/855 1210/1/855 1209/1/855
f 1186/1/408 1187/1/408 1211/1/408 1210/1/408
f 1187/1/409 1188/1/409 1212/1/409 1211/1/409
f 1188/1/856 1189/1/856 1213/1/856 1212/1/856
f 1189/1/683 1190/1/683 1214/1/683 1213/1/683
f 1190/1/684 1191/1/684 1215/1/684 1214/1/684
f 1191/1/857 1192/1/857 1216/1/857 1215/1/857
f 1192/1/414 1193/1/414 1217/1/414 1216/1/414
f 1193/1/858 1194/1/858 1218/1/858 1217/1/858
f 1194/1/859 1195/1/859 1219/1/859 1218/1/859
f 1195/1/860 1196/1/860 1220/1/860 1219/1/860
f 1196/1/861 1197/1/861 1221/1/861 1220/1/861
f 1197/1/689 1198/1/689 1222/1/689 1221/1/689
f 1198/1/862 1199/1/862 1223/1/862 1222/1/862
f 1199/1/421 1200/1/421 1224/1/421 1223/1/421
f 1200/1/863 1201/1/863 1225/1/863 1224/1/863
f 1201/1/691 1202/1/691 1226/1/691 1225/1/691
f 1202/1/692 1203/1/692 1227/1/692 1226/1/692
f 1203/1/425 1204/1/425 1228/1/425 1227/1/425
f 1204/1/426 1205/1/426 1229/1/426 1228/1/426
f 1205/1/864 1206/1/864 1230/1/864 1229/1/864
f 1206/1/695 1207/1/695 1231/1/695 1230/1/695
f 1207/1/865 1184/1/865 1208/1/865 1231/1/865
f 1208/1/430 1209/1/430 1233/1/430 1232/1/430
f 1209/1/431 1210/1/431 1234/1/431 1233/1/431
f 1210/1/432 1211/1/432 1235/1/432 1234/1/432
f 1211/1/866 1212/1/866 1236/1/866 1235/1/866
f 1212/1/698 1213/1/698 1237/1/698 1236/1/698
f 1213/1/435 1214/1/435 1238/1/435 1237/1/435
f 1214/1/436 1215/1/436 1239/1/436 1238/1/436
f 1215/1/699 1216/1/699 1240/1/699 1239/1/699
f 1216/1/867 1217/1/867 1241/1/867 1240/1/867
f 1217/1/439 1218/1/439 1242/1/439 1241/1/439
f 1218/1/440 1219/1/440 1243/1/440 1242/1/440
f 1219/1/441 1220/1/441 1244/1/441 1243/1/441
f 1220/1/442 1221/1/442 1245/1/442 1244/1/442
f 1221/1/443 1222/1/443 1246/1/443 1245/1/443
f 1222/1/444 1223/1/444 1247/1/444 1246/1/444
f 1223/1/868 1224/1/868 1248/1/868 1247/1/868
f 1224/1/446 1225/1/446 1249/1/446 1248/1/446
f 1225/1/447 1226/1/447 1250/1/447 1249/1/447
f 1226/1/448 1227/1/448 1251/1/448 1250/1/448
f 1227/1/449 1228/1/449 1252/1/449 1251/1/449
f 1228/1/450 1229/1/450 1253/1/450 1252/1/450
f 1229/1/451 1230/1/451 1254/1/451 1253/1/451
f 1230/1/452 1231/1/452 1255/1/452 1254/1/452
f 1231/1/453 1208/1/453 1232/1/453 1255/1/453
f 1256/1/454 1233/1/454 1232/1/454
f 1256/1/869 1234/1/869 1233/1/869
f 1256/1/870 1235/1/870 1234/1/870
f 1256/1/457 1236/1/457 1235/1/457
f 1256/1/458 1237/1/458 1236/1/458
f 1256/1/459 1238/1/459 1237/1/459
f 1256/1/460 1239/1/460 1238/1/460
f 1256/1/871 1240/1/871 1239/1/871
f 1256/1/462 1241/1/462 1240/1/462
f 1256/1/463 1242/1/463 1241/1/463
f 1256/1/872 1243/1/872 1242/1/872
f 1256/1/705 1244/1/705 1243/1/705
f 1256/1/466 1245/1/466 1244/1/466
f 1256/1/873 1246/1/873 1245/1/873
f 1256/1/468 1247/1/468 1246/1/468
f 1256/1/469 1248/1/469 1247/1/469
f 1256/1/470 1249/1/470 1248/1/470
f 1256/1/471 1250/1/471 1249/1/471
f 1256/1/472 1251/1/472 1250/1/472
f 1256/1/473 1252/1/473 1251/1/473
f 1256/1/474 1253/1/474 1252/1/474
f 1256/1/874 1254/1/874 1253/1/874
f 1256/1/476 1255/1/476 1254/1/476
f 1256/1/477 1232/1/477 1255/1/477
f 1257/1/94 1258/1/94 1259/1/94
f 1257/1/95 1259/1/95 1260/1/95
f 1257/1/96 1260/1/96 1261/1/96
f 1257/1/97 1261/1/97 1262/1/97
f 1257/1/98 1262/1/98 1263/1/98
f 1257/1/99 1263/1/99 1264/1/99
f 1257/1/100 1264/1/100 1265/1/100
f 1257/1/101 1265/1/101 1266/1/101
f 1257/1/102 1266/1/102 1267/1/102
f 1257/1/103 1267/1/103 1268/1/103
f 1257/1/104 1268/1/104 1269/1/104
f 1257/1/105 1269/1/105 1270/1/105
f 1257/1/480 1270/1/480 1271/1/480
f 1257/1/107 1271/1/107 1272/1/107
f 1257/1/108 1272/1/108 1273/1/108
f 1257/1/109 1273/1/109 1274/1/109
f 1257/1/110 1274/1/110 1275/1/110
f 1257/1/111 1275/1/111 1276/1/111
f 1257/1/112 1276/1/112 1277/1/112
f 1257/1/113 1277/1/113 1278/1/113
f 1257/1/114 1278/1/114 1279/1/114
f 1257/1/115 1279/1/115 1280/1/115
f 1257/1/116 1280/1/116 1281/1/116
f 1257/1/875 1281/1/875 1258/1/875
f 1258/1/118 1259/1/118 1283/1/118 1282/1/118
f 1259/1/119 1260/1/119 1284/1/119 1283/1/119
f 1260/1/120 1261/1/120 1285/1/120 1284/1/120
f 1261/1/121 1262/1/121 1286/1/121 1285/1/121
f 1262/1/122 1263/1/122 1287/1/122 1286/1/122
f 1263/1/123 1264/1/123 1288/1/123 1287/1/123
f 1264/1/124 1265/1/124 1289/1/124 1288/1/124
f 1265/1/125 1266/1/125 1290/1/125 1289/1/125
f 1266/1/126 1267/1/126 1291/1/126 1290/1/126
f 1267/1/127 1268/1/127 1292/1/127 1291/1/127
f 1268/1/128 1269/1/128 1293/1/128 1292/1/128
f 1269/1/129 1270/1/129 1294/1/129 1293/1/129
f 1270/1/130 1271/1/130 1295/1/130 1294/1/130
f 1271/1/131 1272/1/131 1296/1/131 1295/1/131
f 1272/1/132 1273/1/132 1297/1/132 1296/1/132
f 1273/1/876 1274/1/876 1298/1/876 1297/1/876
f 1274/1/134 1275/1/134 1299/1/134 1298/1/134
f 1275/1/135 1276/1/135 1300/1/135 1299/1/135
f 1276/1/136 1277/1/136 1301/1/136 1300/1/136
f 1277/1/137 1278/1/137 1302/1/137 1301/1/137
f 1278/1/716 1279/1/716 1303/1/716 1302/1/716
f 1279/1/139 1280/1/139 1304/1/139 1303/1/139
f 1280/1/140 1281/1/140 1305/1/140 1304/1/140
f 1281/1/141 1258/1/141 1282/1/141 1305/1/141
f 1282/1/877 1283/1/877 1307/1/877 1306/1/877
f 1283/1/878 1284/1/878 1308/1/878 1307/1/878
f 1284/1/879 1285/1/879 1309/1/879 1308/1/879
f 1285/1/490 1286/1/490 1310/1/490 1309/1/490
f 1286/1/718 1287/1/718 1311/1/718 1310/1/718
f 1287/1/880 1288/1/880 1312/1/880 1311/1/880
f 1288/1/881 1289/1/881 1313/1/881 1312/1/881
f 1289/1/494 1290/1/494 1314/1/494 1313/1/494
f 1290/1/495 1291/1/495 1315/1/495 1314/1/495
f 1291/1/882 1292/1/882 1316/1/882 1315/1/882
f 1292/1/883 1293/1/883 1317/1/883 1316/1/883
f 1293/1/884 1294/1/884 1318/1/884 1317/1/884
f 1294/1/885 1295/1/885 1319/1/885 1318/1/885
f 1295/1/886 1296/1/886 1320/1/886 1319/1/886
f 1296/1/497 1297/1/497 1321/1/497 1320/1/497
f 1297/1/157 1298/1/157 1322/1/157 1321/1/157
f 1298/1/887 1299/1/887 1323/1/887 1322/1/887
f 1299/1/888 1300/1/888 1324/1/888 1323/1/888
f 1300/1/889 1301/1/889 1325/1/889 1324/1/889
f 1301/1/890 1302/1/890 1326/1/890 1325/1/890
f 1302/1/162 1303/1/162 1327/1/162 1326/1/162
f 1303/1/725 1304/1/725 1328/1/725 1327/1/725
f 1304/1/891 1305/1/891 1329/1/891 1328/1/891
f 1305/1/892 1282/1/892 1306/1/892 1329/1/892
f 1306/1/728 1307/1/728 1331/1/728 1330/1/728
f 1307/1/167 1308/1/167 1332/1/167 1331/1/167
f 1308/1/168 1309/1/168 1333/1/168 1332/1/168
f 1309/1/169 1310/1/169 1334/1/169 1333/1/169
f 1310/1/170 1311/1/170 1335/1/170 1334/1/170
f 1311/1/171 1312/1/171 1336/1/171 1335/1/171
f 1312/1/172 1313/1/172 1337/1/172 1336/1/172
f 1313/1/173 1314/1/173 1338/1/173 1337/1/173
f 1314/1/174 1315/1/174 1339/1/174 1338/1/174
f 1315/1/175 1316/1/175 1340/1/175 1339/1/175
f 1316/1/176 1317/1/176 1341/1/176 1340/1/176
f 1317/1/509 1318/1/509 1342/1/509 1341/1/509
f 1318/1/893 1319/1/893 1343/1/893 1342/1/893
f 1319/1/894 1320/1/894 1344/1/894 1343/1/894
f 1320/1/180 1321/1/180 1345/1/180 1344/1/180
f 1321/1/181 1322/1/181 1346/1/181 1345/1/181
f 1322/1/182 1323/1/182 1347/1/182 1346/1/182
f 1323/1/183 1324/1/183 1348/1/183 1347/1/183
f 1324/1/184 1325/1/184 1349/1/184 1348/1/184
f 1325/1/185 1326/1/185 1350/1/185 1349/1/185
f 1326/1/186 1327/1/186 1351/1/186 1350/1/186
f 1327/1/187 1328/1/187 1352/1/187 1351/1/187
f 1328/1/895 1329/1/895 1353/1/895 1352/1/895
f 1329/1/896 1306/1/896 1330/1/896 1353/1/896
f 1330/1/897 1331/1/897 1355/1/897 1354/1/897
f 1331/1/191 1332/1/191 1356/1/191 1355/1/191
f 1332/1/898 1333/1/898 1357/1/898 1356/1/898
f 1333/1/521 1334/1/521 1358/1/521 1357/1/521
f 1334/1/899 1335/1/899 1359/1/899 1358/1/899
f 1335/1/900 1336/1/900 1360/1/900 1359/1/900
f 1336/1/901 1337/1/901 1361/1/901 1360/1/901
f 1337/1/902 1338/1/902 1362/1/902 1361/1/902
f 1338/1/526 1339/1/526 1363/1/526 1362/1/526
f 1339/1/903 1340/1/903 1364/1/903 1363/1/903
f 1340/1/904 1341/1/904 1365/1/904 1364/1/904
f 1341/1/905 1342/1/905 1366/1/905 1365/1/905
f 1342/1/906 1343/1/906 1367/1/906 1366/1/906
f 1343/1/750 1344/1/750 1368/1/750 1367/1/750
f 1344/1/531 1345/1/531 1369/1/531 1368/1/531
f 1345/1/907 1346/1/907 1370/1/907 1369/1/907
f 1346/1/533 1347/1/533 1371/1/533 1370/1/533
f 1347/1/207 1348/1/207 1372/1/207 1371/1/207
f 1348/1/208 1349/1/208 1373/1/208 1372/1/208
f 1349/1/908 1350/1/908 1374/1/908 1373/1/908
f 1350/1/909 1351/1/909 1375/1/909 1374/1/909
f 1351/1/754 1352/1/754 1376/1/754 1375/1/754
f 1352/1/212 1353/1/212 1377/1/212 1376/1/212
f 1353/1/756 1330/1/756 1354/1/756 1377/1/756
f 1354/1/910 1355/1/910 1379/1/910 1378/1/910
f 1355/1/757 1356/1/757 1380/1/757 1379/1/757
f 1356/1/216 1357/1/216 1381/1/216 1380/1/216
f 1357/1/543 1358/1/543 1382/1/543 1381/1/543
f 1358/1/911 1359/1/911 1383/1/911 1382/1/911
f 1359/1/912 1360/1/912 1384/1/912 1383/1/912
f 1360/1/759 1361/1/759 1385/1/759 1384/1/759
f 1361/1/760 1362/1/760 1386/1/760 1385/1/760
f 1362/1/913 1363/1/913 1387/1/913 1386/1/913
f 1363/1/223 1364/1/223 1388/1/223 1387/1/223
f 1364/1/914 1365/1/914 1389/1/914 1388/1/914
f 1365/1/915 1366/1/915 1390/1/915 1389/1/915
f 1366/1/916 1367/1/916 1391/1/916 1390/1/916
f 1367/1/917 1368/1/917 1392/1/917 1391/1/917
f 1368/1/228 1369/1/228 1393/1/228 1392/1/228
f 1369/1/918 1370/1/918 1394/1/918 1393/1/918
f 1370/1/230 1371/1/230 1395/1/230 1394/1/230
f 1371/1/919 1372/1/919 1396/1/919 1395/1/919
f 1372/1/920 1373/1/920 1397/1/920 1396/1/920
f 1373/1/233 1374/1/233 1398/1/233 1397/1/233
f 1374/1/552 1375/1/552 1399/1/552 1398/1/552
f 1375/1/235 1376/1/235 1400/1/235 1399/1/235
f 1376/1/554 1377/1/554 1401/1/554 1400/1/554
f 1377/1/921 1354/1/921 1378/1/921 1401/1/921
f 1378/1/556 1379/1/556 1403/1/556 1402/1/556
f 1379/1/239 1380/1/239 1404/1/239 1403/1/239
f 1380/1/922 1381/1/922 1405/1/922 1404/1/922
f 1381/1/923 1382/1/923 1406/1/923 1405/1/923
f 1382/1/559 1383/1/559 1407/1/559 1406/1/559
f 1383/1/243 1384/1/243 1408/1/243 1407/1/243
f 1384/1/244 1385/1/244 1409/1/244 1408/1/244
f 1385/1/562 1386/1/562 1410/1/562 1409/1/562
f 1386/1/563 1387/1/563 1411/1/563 1410/1/563
f 1387/1/924 1388/1/924 1412/1/924 1411/1/924
f 1388/1/925 1389/1/925 1413/1/925 1412/1/925
f 1389/1/926 1390/1/926 1414/1/926 1413/1/926
f 1390/1/927 1391/1/927 1415/1/927 1414/1/927
f 1391/1/251 1392/1/251 1416/1/251 1415/1/251
f 1392/1/928 1393/1/928 1417/1/928 1416/1/928
f 1393/1/776 1394/1/776 1418/1/776 1417/1/776
f 1394/1/254 1395/1/254 1419/1/254 1418/1/254
f 1395/1/929 1396/1/929 1420/1/929 1419/1/929
f 1396/1/930 1397/1/930 1421/1/930 1420/1/930
f 1397/1/257 1398/1/257 1422/1/257 1421/1/257
f 1398/1/931 1399/1/931 1423/1/931 1422/1/931
f 1399/1/259 1400/1/259 1424/1/259 1423/1/259
f 1400/1/260 1401/1/260 1425/1/260 1424/1/260
f 1401/1/932 1378/1/932 1402/1/932 1425/1/932
f 1402/1/578 1403/1/578 1427/1/578 1426/1/578
f 1403/1/933 1404/1/933 1428/1/933 1427/1/933
f 1404/1/934 1405/1/934 1429/1/934 1428/1/934
f 1405/1/265 1406/1/265 1430/1/265 1429/1/265
f 1406/1/579 1407/1/579 1431/1/579 1430/1/579
f 1407/1/267 1408/1/267 1432/1/267 1431/1/267
f 1408/1/268 1409/1/268 1433/1/268 1432/1/268
f 1409/1/580 1410/1/580 1434/1/580 1433/1/580
f 1410/1/270 1411/1/270 1435/1/270 1434/1/270
f 1411/1/782 1412/1/782 1436/1/782 1435/1/782
f 1412/1/783 1413/1/783 1437/1/783 1436/1/783
f 1413/1/935 1414/1/935 1438/1/935 1437/1/935
f 1414/1/936 1415/1/936 1439/1/936 1438/1/936
f 1415/1/275 1416/1/275 1440/1/275 1439/1/275
f 1416/1/586 1417/1/586 1441/1/586 1440/1/586
f 1417/1/277 1418/1/277 1442/1/277 1441/1/277
f 1418/1/278 1419/1/278 1443/1/278 1442/1/278
f 1419/1/279 1420/1/279 1444/1/279 1443/1/279
f 1420/1/280 1421/1/280 1445/1/280 1444/1/280
f 1421/1/281 1422/1/281 1446/1/281 1445/1/281
f 1422/1/282 1423/1/282 1447/1/282 1446/1/282
f 1423/1/937 1424/1/937 1448/1/937 1447/1/937
f 1424/1/284 1425/1/284 1449/1/284 1448/1/284
f 1425/1/938 1402/1/938 1426/1/938 1449/1/938
f 1426/1/939 1427/1/939 1451/1/939 1450/1/939
f 1427/1/287 1428/1/287 1452/1/287 1451/1/287
f 1428/1/940 1429/1/940 1453/1/940 1452/1/940
f 1429/1/289 1430/1/289 1454/1/289 1453/1/289
f 1430/1/290 1431/1/290 1455/1/290 1454/1/290
f 1431/1/291 1432/1/291 1456/1/291 1455/1/291
f 1432/1/292 1433/1/292 1457/1/292 1456/1/292
f 1433/1/293 1434/1/293 1458/1/293 1457/1/293
f 1434/1/294 1435/1/294 1459/1/294 1458/1/294
f 1435/1/597 1436/1/597 1460/1/597 1459/1/597
f 1436/1/296 1437/1/296 1461/1/296 1460/1/296
f 1437/1/941 1438/1/941 1462/1/941 1461/1/941
f 1438/1/942 1439/1/942 1463/1/942 1462/1/942
f 1439/1/794 1440/1/794 1464/1/794 1463/1/794
f 1440/1/795 1441/1/795 1465/1/795 1464/1/795
f 1441/1/301 1442/1/301 1466/1/301 1465/1/301
f 1442/1/603 1443/1/603 1467/1/603 1466/1/603
f 1443/1/303 1444/1/303 1468/1/303 1467/1/303
f 1444/1/304 1445/1/304 1469/1/304 1468/1/304
f 1445/1/604 1446/1/604 1470/1/604 1469/1/604
f 1446/1/306 1447/1/306 1471/1/306 1470/1/306
f 1447/1/943 1448/1/943 1472/1/943 1471/1/943
f 1448/1/944 1449/1/944 1473/1/944 1472/1/944
f 1449/1/605 1426/1/605 1450/1/605 1473/1/605
f 1450/1/945 1451/1/945 1475/1/945 1474/1/945
f 1451/1/311 1452/1/311 1476/1/311 1475/1/311
f 1452/1/946 1453/1/946 1477/1/946 1476/1/946
f 1453/1/947 1454/1/947 1478/1/947 1477/1/947
f 1454/1/314 1455/1/314 1479/1/314 1478/1/314
f 1455/1/948 1456/1/948 1480/1/948 1479/1/948
f 1456/1/949 1457/1/949 1481/1/949 1480/1/949
f 1457/1/317 1458/1/317 1482/1/317 1481/1/317
f 1458/1/613 1459/1/613 1483/1/613 1482/1/613
f 1459/1/950 1460/1/950 1484/1/950 1483/1/950
f 1460/1/320 1461/1/320 1485/1/320 1484/1/320
f 1461/1/951 1462/1/951 1486/1/951 1485/1/951
f 1462/1/952 1463/1/952 1487/1/952 1486/1/952
f 1463/1/323 1464/1/323 1488/1/323 1487/1/323
f 1464/1/953 1465/1/953 1489/1/953 1488/1/953
f 1465/1/620 1466/1/620 1490/1/620 1489/1/620
f 1466/1/954 1467/1/954 1491/1/954 1490/1/954
f 1467/1/327 1468/1/327 1492/1/327 1491/1/327
f 1468/1/328 1469/1/328 1493/1/328 1492/1/328
f 1469/1/955 1470/1/955 1494/1/955 1493/1/955
f 1470/1/956 1471/1/956 1495/1/956 1494/1/956
f 1471/1/957 1472/1/957 1496/1/957 1495/1/957
f 1472/1/808 1473/1/808 1497/1/808 1496/1/808
f 1473/1/625 1450/1/625 1474/1/625 1497/1/625
f 1474/1/810 1475/1/810 1499/1/810 1498/1/810
f 1475/1/811 1476/1/811 1500/1/811 1499/1/811
f 1476/1/336 1477/1/336 1501/1/336 1500/1/336
f 1477/1/958 1478/1/958 1502/1/958 1501/1/958
f 1478/1/338 1479/1/338 1503/1/338 1502/1/338
f 1479/1/630 1480/1/630 1504/1/630 1503/1/630
f 1480/1/631 1481/1/631 1505/1/631 1504/1/631
f 1481/1/341 1482/1/341 1506/1/341 1505/1/341
f 1482/1/959 1483/1/959 1507/1/959 1506/1/959
f 1483/1/343 1484/1/343 1508/1/343 1507/1/343
f 1484/1/960 1485/1/960 1509/1/960 1508/1/960
f 1485/1/961 1486/1/961 1510/1/961 1509/1/961
f 1486/1/634 1487/1/634 1511/1/634 1510/1/634
f 1487/1/962 1488/1/962 1512/1/962 1511/1/962
f 1488/1/348 1489/1/348 1513/1/348 1512/1/348
f 1489/1/963 1490/1/963 1514/1/963 1513/1/963
f 1490/1/636 1491/1/636 1515/1/636 1514/1/636
f 1491/1/819 1492/1/819 1516/1/819 1515/1/819
f 1492/1/964 1493/1/964 1517/1/964 1516/1/964
f 1493/1/965 1494/1/965 1518/1/965 1517/1/965
f 1494/1/966 1495/1/966 1519/1/966 1518/1/966
f 1495/1/355 1496/1/355 1520/1/355 1519/1/355
f 1496/1/967 1497/1/967 1521/1/967 1520/1/967
f 1497/1/824 1474/1/824 1498/1/824 1521/1/824
f 1498/2/642 1499/2/642 1523/2/642 1522/2/642
f 1499/1/968 1500/1/968 1524/1/968 1523/1/968
f 1500/1/969 1501/1/969 1525/1/969 1524/1/969
f 1501/1/970 1502/1/970 1526/1/970 1525/1/970
f 1502/1/971 1503/1/971 1527/1/971 1526/1/971
f 1503/1/363 1504/1/363 1528/1/363 1527/1/363
f 1504/1/364 1505/1/364 1529/1/364 1528/1/364
f 1505/1/972 1506/1/972 1530/1/972 1529/1/972
f 1506/1/973 1507/1/973 1531/1/973 1530/1/973
f 1507/1/974 1508/1/974 1532/1/974 1531/1/974
f 1508/1/368 1509/1/368 1533/1/368 1532/1/368
f 1509/1/975 1510/1/975 1534/1/975 1533/1/975
f 1510/1/831 1511/1/831 1535/1/831 1534/1/831
f 1511/1/371 1512/1/371 1536/1/371 1535/1/371
f 1512/1/652 1513/1/652 1537/1/652 1536/1/652
f 1513/1/976 1514/1/976 1538/1/976 1537/1/976
f 1514/1/977 1515/1/977 1539/1/977 1538/1/977
f 1515/1/978 1516/1/978 1540/1/978 1539/1/978
f 1516/1/979 1517/1/979 1541/1/979 1540/1/979
f 1517/1/980 1518/1/980 1542/1/980 1541/1/980
f 1518/1/981 1519/1/981 1543/1/981 1542/1/981
f 1519/1/834 1520/1/834 1544/1/834 1543/1/834
f 1520/1/982 1521/1/982 1545/1/982 1544/1/982
f 1521/2/659 1498/2/659 1522/2/659 1545/2/659
f 1522/2/983 1523/2/983 1547/2/983 1546/2/983
f 1523/2/661 1524/2/661 1548/2/661 1547/2/661
f 1524/2/384 1525/2/384 1549/2/384 1548/2/384
f 1525/2/385 1526/2/385 1550/2/385 1549/2/385
f 1526/1/386 1527/1/386 1551/1/386 1550/1/386
f 1527/1/387 1528/1/387 1552/1/387 1551/1/387
f 1528/1/388 1529/1/388 1553/1/388 1552/1/388
f 1529/1/389 1530/1/389 1554/1/389 1553/1/389
f 1530/1/390 1531/1/390 1555/1/390 1554/1/390
f 1531/1/391 1532/1/391 1556/1/391 1555/1/391
f 1532/1/984 1533/1/984 1557/1/984 1556/1/984
f 1533/1/985 1534/1/985 1558/1/985 1557/1/985
f 1534/1/846 1535/1/846 1559/1/846 1558/1/846
f 1535/1/395 1536/1/395 1560/1/395 1559/1/395
f 1536/1/396 1537/1/396 1561/1/396 1560/1/396
f 1537/1/397 1538/1/397 1562/1/397 1561/1/397
f 1538/1/398 1539/1/398 1563/1/398 1562/1/398
f 1539/1/399 1540/1/399 1564/1/399 1563/1/399
f 1540/1/400 1541/1/400 1565/1/400 1564/1/400
f 1541/1/401 1542/1/401 1566/1/401 1565/1/401
f 1542/2/402 1543/2/402 1567/2/402 1566/2/402
f 1543/2/403 1544/2/403 1568/2/403 1567/2/403
f 1544/2/404 1545/2/404 1569/2/404 1568/2/404
f 1545/2/678 1522/2/678 1546/2/678 1569/2/678
f 1546/2/854 1547/2/854 1571/2/854 1570/2/854
f 1547/2/855 1548/2/855 1572/2/855 1571/2/855
f 1548/2/986 1549/2/986 1573/2/986 1572/2/986
f 1549/2/409 1550/2/409 1574/2/409 1573/2/409
f 1550/2/856 1551/2/856 1575/2/856 1574/2/856
f 1551/2/987 1552/2/987 1576/2/987 1575/2/987
f 1552/2/988 1553/2/988 1577/2/988 1576/2/988
f 1553/1/685 1554/1/685 1578/1/685 1577/1/685
f 1554/1/414 1555/1/414 1579/1/414 1578/1/414
f 1555/1/989 1556/1/989 1580/1/989 1579/1/989
f 1556/1/859 1557/1/859 1581/1/859 1580/1/859
f 1557/1/860 1558/1/860 1582/1/860 1581/1/860
f 1558/1/861 1559/1/861 1583/1/861 1582/1/861
f 1559/1/689 1560/1/689 1584/1/689 1583/1/689
f 1560/1/690 1561/1/690 1585/1/690 1584/1/690
f 1561/1/990 1562/1/990 1586/1/990 1585/1/990
f 1562/1/991 1563/1/991 1587/1/991 1586/1/991
f 1563/1/992 1564/1/992 1588/1/992 1587/1/992
f 1564/2/993 1565/2/993 1589/2/993 1588/2/993
f 1565/2/994 1566/2/994 1590/2/994 1589/2/994
f 1566/2/995 1567/2/995 1591/2/995 1590/2/995
f 1567/2/864 1568/2/864 1592/2/864 1591/2/864
f 1568/2/695 1569/2/695 1593/2/695 1592/2/695
f 1569/2/696 1546/2/696 1570/2/696 1593/2/696
f 1570/2/430 1571/2/430 1595/2/430 1594/2/430
f 1571/2/431 1572/2/431 1596/2/431 1595/2/431
f 1572/2/432 1573/2/432 1597/2/432 1596/2/432
f 1573/2/866 1574/2/866 1598/2/866 1597/2/866
f 1574/2/434 1575/2/434 1599/2/434 1598/2/434
f 1575/2/435 1576/2/435 1600/2/435 1599/2/435
f 1576/2/436 1577/2/436 1601/2/436 1600/2/436
f 1577/2/437 1578/2/437 1602/2/437 1601/2/437
f 1578/2/996 1579/2/996 1603/2/996 1602/2/996
f 1579/2/439 1580/2/439 1604/2/439 1603/2/439
f 1580/2/440 1581/2/440 1605/2/440 1604/2/440
f 1581/2/441 1582/2/441 1606/2/441 1605/2/441
f 1582/2/442 1583/2/442 1607/2/442 1606/2/442
f 1583/2/443 1584/2/443 1608/2/443 1607/2/443
f 1584/2/444 1585/2/444 1609/2/444 1608/2/444
f 1585/2/445 1586/2/445 1610/2/445 1609/2/445
f 1586/2/446 1587/2/446 1611/2/446 1610/2/446
f 1587/2/447 1588/2/447 1612/2/447 1611/2/447
f 1588/2/448 1589/2/448 1613/2/448 1612/2/448
f 1589/2/449 1590/2/449 1614/2/449 1613/2/449
f 1590/2/450 1591/2/450 1615/2/450 1614/2/450
f 1591/2/451 1592/2/451 1616/2/451 1615/2/451
f 1592/2/452 1593/2/452 1617/2/452 1616/2/452
f 1593/2/453 1570/2/453 1594/2/453 1617/2/453
f 1618/2/997 1595/2/997 1594/2/997
f 1618/2/455 1596/2/455 1595/2/455
f 1618/2/456 1597/2/456 1596/2/456
f 1618/2/457 1598/2/457 1597/2/457
f 1618/2/458 1599/2/458 1598/2/458
f 1618/2/459 1600/2/459 1599/2/459
f 1618/2/460 1601/2/460 1600/2/460
f 1618/2/461 1602/2/461 1601/2/461
f 1618/2/462 1603/2/462 1602/2/462
f 1618/2/463 1604/2/463 1603/2/463
f 1618/2/464 1605/2/464 1604/2/464
f 1618/2/705 1606/2/705 1605/2/705
f 1618/2/466 1607/2/466 1606/2/466
f 1618/2/467 1608/2/467 1607/2/467
f 1618/2/468 1609/2/468 1608/2/468
f 1618/2/469 1610/2/469 1609/2/469
f 1618/2/470 1611/2/470 1610/2/470
f 1618/2/471 1612/2/471 1611/2/471
f 1618/2/472 1613/2/472 1612/2/472
f 1618/2/473 1614/2/473 1613/2/473
f 1618/2/474 1615/2/474 1614/2/474
f 1618/2/475 1616/2/475 1615/2/475
f 1618/2/476 1617/2/476 1616/2/476
f 1618/2/477 1594/2/477 1617/2/477
